name_pais,Mundial,Selección,Posición,Etapa,PTS,PJ,PG,PE,PP,GF,GC,Dif
Alemania,1930,Alemania,0,no participó,0,0,0,0,0,0,0,0
Alemania,1934,Alemania,3,Partido 3er Puesto,6,4,3,0,1,11,8,3
Alemania,1938,Alemania,10,Octavos de Final,1,2,0,1,1,3,5,-2
Alemania,1950,Alemania Occidental,0,no participó,0,0,0,0,0,0,0,0
Alemania,1954,Alemania Occidental,1,Final,10,6,5,0,1,25,14,11
Alemania,1958,Alemania Occidental,4,Partido 3er Puesto,6,6,2,2,2,12,14,-2
Alemania,1962,Alemania Occidental,7,Cuartos de Final,5,4,2,1,1,4,2,2
Alemania,1966,Alemania Occidental,2,Final,9,6,4,1,1,15,6,9
Alemania,1970,Alemania Occidental,3,Partido 3er Puesto,10,6,5,0,1,17,10,7
Alemania,1974,Alemania Occidental,1,Final,12,7,6,0,1,13,4,9
Alemania,1978,Alemania Occidental,6,Grupos 2da Ronda,6,6,1,4,1,10,5,5
Alemania,1982,Alemania Occidental,2,Final,8,7,3,2,2,12,10,2
Alemania,1986,Alemania Occidental,2,Final,8,7,3,2,2,8,7,1
Alemania,1990,Alemania Occidental,1,Final,12,7,5,2,0,15,5,10
Alemania,1994,Alemania,5,Cuartos de Final,10,5,3,1,1,9,7,2
Alemania,1998,Alemania,7,Cuartos de Final,10,5,3,1,1,8,6,2
Alemania,2002,Alemania,2,Final,16,7,5,1,1,14,3,11
Alemania,2006,Alemania,3,Partido 3er Puesto,16,7,5,1,1,14,6,8
Alemania,2010,Alemania,3,Partido 3er Puesto,15,7,5,0,2,16,5,11
Alemania,2014,Alemania,1,Final,19,7,6,1,0,18,4,14
Alemania,2018,Alemania,22,Grupos 1ra Ronda,3,3,1,0,2,2,4,-2
Alemania,2022,Alemania,17,Grupos 1ra Ronda,4,3,1,1,1,6,5,1
Alemania,1950,Alemania Oriental,0,no participó,0,0,0,0,0,0,0,0
Alemania,1954,Alemania Oriental,0,no participó,0,0,0,0,0,0,0,0
Alemania,1958,Alemania Oriental,0,no participó,0,0,0,0,0,0,0,0
Alemania,1962,Alemania Oriental,0,no participó,0,0,0,0,0,0,0,0
Alemania,1966,Alemania Oriental,0,no participó,0,0,0,0,0,0,0,0
Alemania,1970,Alemania Oriental,0,no participó,0,0,0,0,0,0,0,0
Alemania,1974,Alemania Oriental,6,Grupos 2da Ronda,6,6,2,2,2,5,5,0
Alemania,1978,Alemania Oriental,0,no participó,0,0,0,0,0,0,0,0
Alemania,1982,Alemania Oriental,0,no participó,0,0,0,0,0,0,0,0
Alemania,1986,Alemania Oriental,0,no participó,0,0,0,0,0,0,0,0
Alemania,1990,Alemania Oriental,0,no participó,0,0,0,0,0,0,0,0
Alemania,1994,Alemania Oriental,0,no participó,0,0,0,0,0,0,0,0
Alemania,1998,Alemania Oriental,0,no participó,0,0,0,0,0,0,0,0
Alemania,2002,Alemania Oriental,0,no participó,0,0,0,0,0,0,0,0
Alemania,2006,Alemania Oriental,0,no participó,0,0,0,0,0,0,0,0
Alemania,2010,Alemania Oriental,0,no participó,0,0,0,0,0,0,0,0
Alemania,2014,Alemania Oriental,0,no participó,0,0,0,0,0,0,0,0
Alemania,2018,Alemania Oriental,0,no participó,0,0,0,0,0,0,0,0
Alemania,2022,Alemania Oriental,0,no participó,0,0,0,0,0,0,0,0
Angola,1930,Angola,0,no participó,0,0,0,0,0,0,0,0
Angola,1934,Angola,0,no participó,0,0,0,0,0,0,0,0
Angola,1938,Angola,0,no participó,0,0,0,0,0,0,0,0
Angola,1950,Angola,0,no participó,0,0,0,0,0,0,0,0
Angola,1954,Angola,0,no participó,0,0,0,0,0,0,0,0
Angola,1958,Angola,0,no participó,0,0,0,0,0,0,0,0
Angola,1962,Angola,0,no participó,0,0,0,0,0,0,0,0
Angola,1966,Angola,0,no participó,0,0,0,0,0,0,0,0
Angola,1970,Angola,0,no participó,0,0,0,0,0,0,0,0
Angola,1974,Angola,0,no participó,0,0,0,0,0,0,0,0
Angola,1978,Angola,0,no participó,0,0,0,0,0,0,0,0
Angola,1982,Angola,0,no participó,0,0,0,0,0,0,0,0
Angola,1986,Angola,0,no participó,0,0,0,0,0,0,0,0
Angola,1990,Angola,0,no participó,0,0,0,0,0,0,0,0
Angola,1994,Angola,0,no participó,0,0,0,0,0,0,0,0
Angola,1998,Angola,0,no participó,0,0,0,0,0,0,0,0
Angola,2002,Angola,0,no participó,0,0,0,0,0,0,0,0
Angola,2006,Angola,23,Grupos 1ra Ronda,2,3,0,2,1,1,2,-1
Angola,2010,Angola,0,no participó,0,0,0,0,0,0,0,0
Angola,2014,Angola,0,no participó,0,0,0,0,0,0,0,0
Angola,2018,Angola,0,no participó,0,0,0,0,0,0,0,0
Angola,2022,Angola,0,no participó,0,0,0,0,0,0,0,0
Arabia,1930,Arabia Saudita,0,no participó,0,0,0,0,0,0,0,0
Arabia,1934,Arabia Saudita,0,no participó,0,0,0,0,0,0,0,0
Arabia,1938,Arabia Saudita,0,no participó,0,0,0,0,0,0,0,0
Arabia,1950,Arabia Saudita,0,no participó,0,0,0,0,0,0,0,0
Arabia,1954,Arabia Saudita,0,no participó,0,0,0,0,0,0,0,0
Arabia,1958,Arabia Saudita,0,no participó,0,0,0,0,0,0,0,0
Arabia,1962,Arabia Saudita,0,no participó,0,0,0,0,0,0,0,0
Arabia,1966,Arabia Saudita,0,no participó,0,0,0,0,0,0,0,0
Arabia,1970,Arabia Saudita,0,no participó,0,0,0,0,0,0,0,0
Arabia,1974,Arabia Saudita,0,no participó,0,0,0,0,0,0,0,0
Arabia,1978,Arabia Saudita,0,no participó,0,0,0,0,0,0,0,0
Arabia,1982,Arabia Saudita,0,no participó,0,0,0,0,0,0,0,0
Arabia,1986,Arabia Saudita,0,no participó,0,0,0,0,0,0,0,0
Arabia,1990,Arabia Saudita,0,no participó,0,0,0,0,0,0,0,0
Arabia,1994,Arabia Saudita,12,Octavos de Final,6,4,2,0,2,5,6,-1
Arabia,1998,Arabia Saudita,28,Grupos 1ra Ronda,1,3,0,1,2,2,7,-5
Arabia,2002,Arabia Saudita,32,Grupos 1ra Ronda,0,3,0,0,3,0,12,-12
Arabia,2006,Arabia Saudita,28,Grupos 1ra Ronda,1,3,0,1,2,2,7,-5
Arabia,2010,Arabia Saudita,0,no participó,0,0,0,0,0,0,0,0
Arabia,2014,Arabia Saudita,0,no participó,0,0,0,0,0,0,0,0
Arabia,2018,Arabia Saudita,26,Grupos 1ra Ronda,3,3,1,0,2,2,7,-5
Arabia,2022,Arabia Saudita,25,Grupos 1ra Ronda,3,3,1,0,2,3,5,-2
Argelia,1930,Argelia,0,no participó,0,0,0,0,0,0,0,0
Argelia,1934,Argelia,0,no participó,0,0,0,0,0,0,0,0
Argelia,1938,Argelia,0,no participó,0,0,0,0,0,0,0,0
Argelia,1950,Argelia,0,no participó,0,0,0,0,0,0,0,0
Argelia,1954,Argelia,0,no participó,0,0,0,0,0,0,0,0
Argelia,1958,Argelia,0,no participó,0,0,0,0,0,0,0,0
Argelia,1962,Argelia,0,no participó,0,0,0,0,0,0,0,0
Argelia,1966,Argelia,0,no participó,0,0,0,0,0,0,0,0
Argelia,1970,Argelia,0,no participó,0,0,0,0,0,0,0,0
Argelia,1974,Argelia,0,no participó,0,0,0,0,0,0,0,0
Argelia,1978,Argelia,0,no participó,0,0,0,0,0,0,0,0
Argelia,1982,Argelia,13,Grupos 1ra Ronda,4,3,2,0,1,5,5,0
Argelia,1986,Argelia,22,Grupos 1ra Ronda,1,3,0,1,2,1,5,-4
Argelia,1990,Argelia,0,no participó,0,0,0,0,0,0,0,0
Argelia,1994,Argelia,0,no participó,0,0,0,0,0,0,0,0
Argelia,1998,Argelia,0,no participó,0,0,0,0,0,0,0,0
Argelia,2002,Argelia,0,no participó,0,0,0,0,0,0,0,0
Argelia,2006,Argelia,0,no participó,0,0,0,0,0,0,0,0
Argelia,2010,Argelia,28,Grupos 1ra Ronda,1,3,0,1,2,0,2,-2
Argelia,2014,Argelia,14,Octavos de Final,4,4,1,1,2,7,7,0
Argelia,2018,Argelia,0,no participó,0,0,0,0,0,0,0,0
Argelia,2022,Argelia,0,no participó,0,0,0,0,0,0,0,0
Argentina,1930,Argentina,2,Final,8,5,4,0,1,18,9,9
Argentina,1934,Argentina,9,Octavos de Final,0,1,0,0,1,2,3,-1
Argentina,1938,Argentina,0,no participó,0,0,0,0,0,0,0,0
Argentina,1950,Argentina,0,no participó,0,0,0,0,0,0,0,0
Argentina,1954,Argentina,0,no participó,0,0,0,0,0,0,0,0
Argentina,1958,Argentina,13,Grupos 1ra Ronda,2,3,1,0,2,5,10,-5
Argentina,1962,Argentina,10,Grupos 1ra Ronda,3,3,1,1,1,2,3,-1
Argentina,1966,Argentina,5,Cuartos de Final,5,4,2,1,1,4,2,2
Argentina,1970,Argentina,0,no participó,0,0,0,0,0,0,0,0
Argentina,1974,Argentina,8,Grupos 2da Ronda,4,6,1,2,3,9,12,-3
Argentina,1978,Argentina,1,Final,11,7,5,1,1,15,4,11
Argentina,1982,Argentina,11,Grupos 2da Ronda,4,5,2,0,3,8,7,1
Argentina,1986,Argentina,1,Final,13,7,6,1,0,14,5,9
Argentina,1990,Argentina,2,Final,7,7,2,3,2,5,4,1
Argentina,1994,Argentina,10,Octavos de Final,6,4,2,0,2,8,6,2
Argentina,1998,Argentina,6,Cuartos de Final,10,5,3,1,1,10,4,6
Argentina,2002,Argentina,18,Grupos 1ra Ronda,4,3,1,1,1,2,2,0
Argentina,2006,Argentina,6,Cuartos de Final,11,5,3,2,0,11,3,8
Argentina,2010,Argentina,5,Cuartos de Final,12,5,4,0,1,10,6,4
Argentina,2014,Argentina,2,Final,16,7,5,1,1,8,4,4
Argentina,2018,Argentina,16,Octavos de Final,4,4,1,1,2,6,9,-3
Argentina,2022,Argentina,,Final,13,6,4,1,1,12,5,7
Australia,1930,Australia,0,no participó,0,0,0,0,0,0,0,0
Australia,1934,Australia,0,no participó,0,0,0,0,0,0,0,0
Australia,1938,Australia,0,no participó,0,0,0,0,0,0,0,0
Australia,1950,Australia,0,no participó,0,0,0,0,0,0,0,0
Australia,1954,Australia,0,no participó,0,0,0,0,0,0,0,0
Australia,1958,Australia,0,no participó,0,0,0,0,0,0,0,0
Australia,1962,Australia,0,no participó,0,0,0,0,0,0,0,0
Australia,1966,Australia,0,no participó,0,0,0,0,0,0,0,0
Australia,1970,Australia,0,no participó,0,0,0,0,0,0,0,0
Australia,1974,Australia,14,Grupos 1ra Ronda,1,3,0,1,2,0,5,-5
Australia,1978,Australia,0,no participó,0,0,0,0,0,0,0,0
Australia,1982,Australia,0,no participó,0,0,0,0,0,0,0,0
Australia,1986,Australia,0,no participó,0,0,0,0,0,0,0,0
Australia,1990,Australia,0,no participó,0,0,0,0,0,0,0,0
Australia,1994,Australia,0,no participó,0,0,0,0,0,0,0,0
Australia,1998,Australia,0,no participó,0,0,0,0,0,0,0,0
Australia,2002,Australia,0,no participó,0,0,0,0,0,0,0,0
Australia,2006,Australia,16,Octavos de Final,4,4,1,1,2,5,6,-1
Australia,2010,Australia,21,Grupos 1ra Ronda,4,3,1,1,1,3,6,-3
Australia,2014,Australia,30,Grupos 1ra Ronda,0,3,0,0,3,3,9,-6
Australia,2018,Australia,30,Grupos 1ra Ronda,1,3,0,1,2,2,5,-3
Australia,2022,Australia,11,Octavos de Final,6,4,2,0,2,4,6,-2
Austria,1930,Austria,0,no participó,0,0,0,0,0,0,0,0
Austria,1934,Austria,4,Partido 3er Puesto,4,4,2,0,2,7,7,0
Austria,1938,Austria,16,Octavos de Final,0,0,0,0,0,0,0,0
Austria,1950,Austria,0,no participó,0,0,0,0,0,0,0,0
Austria,1954,Austria,3,Partido 3er Puesto,8,5,4,0,1,17,12,5
Austria,1958,Austria,15,Grupos 1ra Ronda,1,3,0,1,2,2,7,-5
Austria,1962,Austria,0,no participó,0,0,0,0,0,0,0,0
Austria,1966,Austria,0,no participó,0,0,0,0,0,0,0,0
Austria,1970,Austria,0,no participó,0,0,0,0,0,0,0,0
Austria,1974,Austria,0,no participó,0,0,0,0,0,0,0,0
Austria,1978,Austria,7,Grupos 2da Ronda,6,6,3,0,3,7,10,-3
Austria,1982,Austria,8,Grupos 2da Ronda,5,5,2,1,2,5,4,1
Austria,1986,Austria,0,no participó,0,0,0,0,0,0,0,0
Austria,1990,Austria,18,Grupos 1ra Ronda,2,3,1,0,2,2,3,-1
Austria,1994,Austria,0,no participó,0,0,0,0,0,0,0,0
Austria,1998,Austria,23,Grupos 1ra Ronda,2,3,0,2,1,3,4,-1
Austria,2002,Austria,0,no participó,0,0,0,0,0,0,0,0
Austria,2006,Austria,0,no participó,0,0,0,0,0,0,0,0
Austria,2010,Austria,0,no participó,0,0,0,0,0,0,0,0
Austria,2014,Austria,0,no participó,0,0,0,0,0,0,0,0
Austria,2018,Austria,0,no participó,0,0,0,0,0,0,0,0
Austria,2022,Austria,0,no participó,0,0,0,0,0,0,0,0
Bélgica,1930,Bélgica,11,Grupos 1ra Ronda,0,2,0,0,2,0,4,-4
Bélgica,1934,Bélgica,15,Octavos de Final,0,1,0,0,1,2,5,-3
Bélgica,1938,Bélgica,13,Octavos de Final,0,1,0,0,1,1,3,-2
Bélgica,1950,Bélgica,0,no participó,0,0,0,0,0,0,0,0
Bélgica,1954,Bélgica,12,Grupos 1ra Ronda,1,2,0,1,1,5,8,-3
Bélgica,1958,Bélgica,0,no participó,0,0,0,0,0,0,0,0
Bélgica,1962,Bélgica,0,no participó,0,0,0,0,0,0,0,0
Bélgica,1966,Bélgica,0,no participó,0,0,0,0,0,0,0,0
Bélgica,1970,Bélgica,10,Grupos 1ra Ronda,2,3,1,0,2,4,5,-1
Bélgica,1974,Bélgica,0,no participó,0,0,0,0,0,0,0,0
Bélgica,1978,Bélgica,0,no participó,0,0,0,0,0,0,0,0
Bélgica,1982,Bélgica,10,Grupos 2da Ronda,5,5,2,1,2,3,5,-2
Bélgica,1986,Bélgica,4,Partido 3er Puesto,6,7,2,2,3,12,15,-3
Bélgica,1990,Bélgica,11,Octavos de Final,4,4,2,0,2,6,4,2
Bélgica,1994,Bélgica,11,Octavos de Final,6,4,2,0,2,4,4,0
Bélgica,1998,Bélgica,19,Grupos 1ra Ronda,3,3,0,3,0,3,3,0
Bélgica,2002,Bélgica,14,Octavos de Final,5,4,1,2,1,6,7,-1
Bélgica,2006,Bélgica,0,no participó,0,0,0,0,0,0,0,0
Bélgica,2010,Bélgica,0,no participó,0,0,0,0,0,0,0,0
Bélgica,2014,Bélgica,6,Cuartos de Final,12,5,4,0,1,6,3,3
Bélgica,2018,Bélgica,3,Partido 3er Puesto,18,7,6,0,1,16,6,10
Bélgica,2022,Bélgica,23,Grupos 1ra Ronda,4,3,1,1,1,1,2,-1
Bolivia,1930,Bolivia,12,Grupos 1ra Ronda,0,2,0,0,2,0,8,-8
Bolivia,1934,Bolivia,0,no participó,0,0,0,0,0,0,0,0
Bolivia,1938,Bolivia,0,no participó,0,0,0,0,0,0,0,0
Bolivia,1950,Bolivia,13,Grupos 1ra Ronda,0,1,0,0,1,0,8,-8
Bolivia,1954,Bolivia,0,no participó,0,0,0,0,0,0,0,0
Bolivia,1958,Bolivia,0,no participó,0,0,0,0,0,0,0,0
Bolivia,1962,Bolivia,0,no participó,0,0,0,0,0,0,0,0
Bolivia,1966,Bolivia,0,no participó,0,0,0,0,0,0,0,0
Bolivia,1970,Bolivia,0,no participó,0,0,0,0,0,0,0,0
Bolivia,1974,Bolivia,0,no participó,0,0,0,0,0,0,0,0
Bolivia,1978,Bolivia,0,no participó,0,0,0,0,0,0,0,0
Bolivia,1982,Bolivia,0,no participó,0,0,0,0,0,0,0,0
Bolivia,1986,Bolivia,0,no participó,0,0,0,0,0,0,0,0
Bolivia,1990,Bolivia,0,no participó,0,0,0,0,0,0,0,0
Bolivia,1994,Bolivia,21,Grupos 1ra Ronda,1,3,0,1,2,1,4,-3
Bolivia,1998,Bolivia,0,no participó,0,0,0,0,0,0,0,0
Bolivia,2002,Bolivia,0,no participó,0,0,0,0,0,0,0,0
Bolivia,2006,Bolivia,0,no participó,0,0,0,0,0,0,0,0
Bolivia,2010,Bolivia,0,no participó,0,0,0,0,0,0,0,0
Bolivia,2014,Bolivia,0,no participó,0,0,0,0,0,0,0,0
Bolivia,2018,Bolivia,0,no participó,0,0,0,0,0,0,0,0
Bolivia,2022,Bolivia,0,no participó,0,0,0,0,0,0,0,0
Bosnia-Herzegovina,1930,Bosnia-Herzegovina,0,no participó,0,0,0,0,0,0,0,0
Bosnia-Herzegovina,1934,Bosnia-Herzegovina,0,no participó,0,0,0,0,0,0,0,0
Bosnia-Herzegovina,1938,Bosnia-Herzegovina,0,no participó,0,0,0,0,0,0,0,0
Bosnia-Herzegovina,1950,Bosnia-Herzegovina,0,no participó,0,0,0,0,0,0,0,0
Bosnia-Herzegovina,1954,Bosnia-Herzegovina,0,no participó,0,0,0,0,0,0,0,0
Bosnia-Herzegovina,1958,Bosnia-Herzegovina,0,no participó,0,0,0,0,0,0,0,0
Bosnia-Herzegovina,1962,Bosnia-Herzegovina,0,no participó,0,0,0,0,0,0,0,0
Bosnia-Herzegovina,1966,Bosnia-Herzegovina,0,no participó,0,0,0,0,0,0,0,0
Bosnia-Herzegovina,1970,Bosnia-Herzegovina,0,no participó,0,0,0,0,0,0,0,0
Bosnia-Herzegovina,1974,Bosnia-Herzegovina,0,no participó,0,0,0,0,0,0,0,0
Bosnia-Herzegovina,1978,Bosnia-Herzegovina,0,no participó,0,0,0,0,0,0,0,0
Bosnia-Herzegovina,1982,Bosnia-Herzegovina,0,no participó,0,0,0,0,0,0,0,0
Bosnia-Herzegovina,1986,Bosnia-Herzegovina,0,no participó,0,0,0,0,0,0,0,0
Bosnia-Herzegovina,1990,Bosnia-Herzegovina,0,no participó,0,0,0,0,0,0,0,0
Bosnia-Herzegovina,1994,Bosnia-Herzegovina,0,no participó,0,0,0,0,0,0,0,0
Bosnia-Herzegovina,1998,Bosnia-Herzegovina,0,no participó,0,0,0,0,0,0,0,0
Bosnia-Herzegovina,2002,Bosnia-Herzegovina,0,no participó,0,0,0,0,0,0,0,0
Bosnia-Herzegovina,2006,Bosnia-Herzegovina,0,no participó,0,0,0,0,0,0,0,0
Bosnia-Herzegovina,2010,Bosnia-Herzegovina,0,no participó,0,0,0,0,0,0,0,0
Bosnia-Herzegovina,2014,Bosnia-Herzegovina,20,Grupos 1ra Ronda,3,3,1,0,2,4,4,0
Bosnia-Herzegovina,2018,Bosnia-Herzegovina,0,no participó,0,0,0,0,0,0,0,0
Bosnia-Herzegovina,2022,Bosnia-Herzegovina,0,no participó,0,0,0,0,0,0,0,0
Brasil,1930,Brasil,6,Grupos 1ra Ronda,2,2,1,0,1,5,2,3
Brasil,1934,Brasil,14,Octavos de Final,0,1,0,0,1,1,3,-2
Brasil,1938,Brasil,3,Partido 3er Puesto,7,5,3,1,1,14,11,3
Brasil,1950,Brasil,2,Ronda Final,9,6,4,1,1,22,6,16
Brasil,1954,Brasil,6,Cuartos de Final,3,3,1,1,1,8,5,3
Brasil,1958,Brasil,1,Final,11,6,5,1,0,16,4,12
Brasil,1962,Brasil,1,Final,11,6,5,1,0,14,5,9
Brasil,1966,Brasil,11,Grupos 1ra Ronda,2,3,1,0,2,4,6,-2
Brasil,1970,Brasil,1,Final,12,6,6,0,0,19,7,12
Brasil,1974,Brasil,4,Partido 3er Puesto,8,7,3,2,2,6,4,2
Brasil,1978,Brasil,3,Partido 3er Puesto,11,7,4,3,0,10,3,7
Brasil,1982,Brasil,5,Grupos 2da Ronda,8,5,4,0,1,15,6,9
Brasil,1986,Brasil,5,Cuartos de Final,9,5,4,1,0,10,1,9
Brasil,1990,Brasil,9,Octavos de Final,6,4,3,0,1,4,2,2
Brasil,1994,Brasil,1,Final,17,7,5,2,0,11,3,8
Brasil,1998,Brasil,2,Final,13,7,4,1,2,14,10,4
Brasil,2002,Brasil,1,Final,21,7,7,0,0,18,4,14
Brasil,2006,Brasil,5,Cuartos de Final,12,5,4,0,1,10,2,8
Brasil,2010,Brasil,6,Cuartos de Final,10,5,3,1,1,9,4,5
Brasil,2014,Brasil,4,Partido 3er Puesto,11,7,3,2,2,11,14,-3
Brasil,2018,Brasil,6,Cuartos de Final,10,5,3,1,1,8,3,5
Brasil,2022,Brasil,7,Cuartos de Final,10,5,3,1,1,8,3,5
Bulgaria,1930,Bulgaria,0,no participó,0,0,0,0,0,0,0,0
Bulgaria,1934,Bulgaria,0,no participó,0,0,0,0,0,0,0,0
Bulgaria,1938,Bulgaria,0,no participó,0,0,0,0,0,0,0,0
Bulgaria,1950,Bulgaria,0,no participó,0,0,0,0,0,0,0,0
Bulgaria,1954,Bulgaria,0,no participó,0,0,0,0,0,0,0,0
Bulgaria,1958,Bulgaria,0,no participó,0,0,0,0,0,0,0,0
Bulgaria,1962,Bulgaria,15,Grupos 1ra Ronda,1,3,0,1,2,1,7,-6
Bulgaria,1966,Bulgaria,15,Grupos 1ra Ronda,0,3,0,0,3,1,8,-7
Bulgaria,1970,Bulgaria,13,Grupos 1ra Ronda,1,3,0,1,2,5,9,-4
Bulgaria,1974,Bulgaria,12,Grupos 1ra Ronda,2,3,0,2,1,2,5,-3
Bulgaria,1978,Bulgaria,0,no participó,0,0,0,0,0,0,0,0
Bulgaria,1982,Bulgaria,0,no participó,0,0,0,0,0,0,0,0
Bulgaria,1986,Bulgaria,15,Octavos de Final,2,4,0,2,2,2,6,-4
Bulgaria,1990,Bulgaria,0,no participó,0,0,0,0,0,0,0,0
Bulgaria,1994,Bulgaria,4,Partido 3er Puesto,10,7,3,1,3,10,11,-1
Bulgaria,1998,Bulgaria,29,Grupos 1ra Ronda,1,3,0,1,2,1,7,-6
Bulgaria,2002,Bulgaria,0,no participó,0,0,0,0,0,0,0,0
Bulgaria,2006,Bulgaria,0,no participó,0,0,0,0,0,0,0,0
Bulgaria,2010,Bulgaria,0,no participó,0,0,0,0,0,0,0,0
Bulgaria,2014,Bulgaria,0,no participó,0,0,0,0,0,0,0,0
Bulgaria,2018,Bulgaria,0,no participó,0,0,0,0,0,0,0,0
Bulgaria,2022,Bulgaria,0,no participó,0,0,0,0,0,0,0,0
Camerún,1930,Camerún,0,no participó,0,0,0,0,0,0,0,0
Camerún,1934,Camerún,0,no participó,0,0,0,0,0,0,0,0
Camerún,1938,Camerún,0,no participó,0,0,0,0,0,0,0,0
Camerún,1950,Camerún,0,no participó,0,0,0,0,0,0,0,0
Camerún,1954,Camerún,0,no participó,0,0,0,0,0,0,0,0
Camerún,1958,Camerún,0,no participó,0,0,0,0,0,0,0,0
Camerún,1962,Camerún,0,no participó,0,0,0,0,0,0,0,0
Camerún,1966,Camerún,0,no participó,0,0,0,0,0,0,0,0
Camerún,1970,Camerún,0,no participó,0,0,0,0,0,0,0,0
Camerún,1974,Camerún,0,no participó,0,0,0,0,0,0,0,0
Camerún,1978,Camerún,0,no participó,0,0,0,0,0,0,0,0
Camerún,1982,Camerún,17,Grupos 1ra Ronda,3,3,0,3,0,1,1,0
Camerún,1986,Camerún,0,no participó,0,0,0,0,0,0,0,0
Camerún,1990,Camerún,7,Cuartos de Final,6,5,3,0,2,7,9,-2
Camerún,1994,Camerún,22,Grupos 1ra Ronda,1,3,0,1,2,3,11,-8
Camerún,1998,Camerún,25,Grupos 1ra Ronda,2,3,0,2,1,2,5,-3
Camerún,2002,Camerún,20,Grupos 1ra Ronda,4,3,1,1,1,2,3,-1
Camerún,2006,Camerún,0,no participó,0,0,0,0,0,0,0,0
Camerún,2010,Camerún,31,Grupos 1ra Ronda,0,3,0,0,3,2,5,-3
Camerún,2014,Camerún,32,Grupos 1ra Ronda,0,3,0,0,3,1,9,-8
Camerún,2018,Camerún,0,no participó,0,0,0,0,0,0,0,0
Camerún,2022,Camerún,19,Grupos 1ra Ronda,4,3,1,1,1,4,4,0
Canadá,1930,Canadá,0,no participó,0,0,0,0,0,0,0,0
Canadá,1934,Canadá,0,no participó,0,0,0,0,0,0,0,0
Canadá,1938,Canadá,0,no participó,0,0,0,0,0,0,0,0
Canadá,1950,Canadá,0,no participó,0,0,0,0,0,0,0,0
Canadá,1954,Canadá,0,no participó,0,0,0,0,0,0,0,0
Canadá,1958,Canadá,0,no participó,0,0,0,0,0,0,0,0
Canadá,1962,Canadá,0,no participó,0,0,0,0,0,0,0,0
Canadá,1966,Canadá,0,no participó,0,0,0,0,0,0,0,0
Canadá,1970,Canadá,0,no participó,0,0,0,0,0,0,0,0
Canadá,1974,Canadá,0,no participó,0,0,0,0,0,0,0,0
Canadá,1978,Canadá,0,no participó,0,0,0,0,0,0,0,0
Canadá,1982,Canadá,0,no participó,0,0,0,0,0,0,0,0
Canadá,1986,Canadá,24,Grupos 1ra Ronda,0,3,0,0,3,0,5,-5
Canadá,1990,Canadá,0,no participó,0,0,0,0,0,0,0,0
Canadá,1994,Canadá,0,no participó,0,0,0,0,0,0,0,0
Canadá,1998,Canadá,0,no participó,0,0,0,0,0,0,0,0
Canadá,2002,Canadá,0,no participó,0,0,0,0,0,0,0,0
Canadá,2006,Canadá,0,no participó,0,0,0,0,0,0,0,0
Canadá,2010,Canadá,0,no participó,0,0,0,0,0,0,0,0
Canadá,2014,Canadá,0,no participó,0,0,0,0,0,0,0,0
Canadá,2018,Canadá,0,no participó,0,0,0,0,0,0,0,0
Canadá,2022,Canadá,31,Grupos 1ra Ronda,0,3,0,0,3,2,7,-5
Catar,1930,Catar,0,no participó,0,0,0,0,0,0,0,0
Catar,1934,Catar,0,no participó,0,0,0,0,0,0,0,0
Catar,1938,Catar,0,no participó,0,0,0,0,0,0,0,0
Catar,1950,Catar,0,no participó,0,0,0,0,0,0,0,0
Catar,1954,Catar,0,no participó,0,0,0,0,0,0,0,0
Catar,1958,Catar,0,no participó,0,0,0,0,0,0,0,0
Catar,1962,Catar,0,no participó,0,0,0,0,0,0,0,0
Catar,1966,Catar,0,no participó,0,0,0,0,0,0,0,0
Catar,1970,Catar,0,no participó,0,0,0,0,0,0,0,0
Catar,1974,Catar,0,no participó,0,0,0,0,0,0,0,0
Catar,1978,Catar,0,no participó,0,0,0,0,0,0,0,0
Catar,1982,Catar,0,no participó,0,0,0,0,0,0,0,0
Catar,1986,Catar,0,no participó,0,0,0,0,0,0,0,0
Catar,1990,Catar,0,no participó,0,0,0,0,0,0,0,0
Catar,1994,Catar,0,no participó,0,0,0,0,0,0,0,0
Catar,1998,Catar,0,no participó,0,0,0,0,0,0,0,0
Catar,2002,Catar,0,no participó,0,0,0,0,0,0,0,0
Catar,2006,Catar,0,no participó,0,0,0,0,0,0,0,0
Catar,2010,Catar,0,no participó,0,0,0,0,0,0,0,0
Catar,2014,Catar,0,no participó,0,0,0,0,0,0,0,0
Catar,2018,Catar,0,no participó,0,0,0,0,0,0,0,0
Catar,2022,Catar,32,Grupos 1ra Ronda,0,3,0,0,3,1,7,-6
Chile,1930,Chile,5,Grupos 1ra Ronda,4,3,2,0,1,5,3,2
Chile,1934,Chile,0,no participó,0,0,0,0,0,0,0,0
Chile,1938,Chile,0,no participó,0,0,0,0,0,0,0,0
Chile,1950,Chile,9,Grupos 1ra Ronda,2,3,1,0,2,5,6,-1
Chile,1954,Chile,0,no participó,0,0,0,0,0,0,0,0
Chile,1958,Chile,0,no participó,0,0,0,0,0,0,0,0
Chile,1962,Chile,3,Partido 3er Puesto,8,6,4,0,2,10,8,2
Chile,1966,Chile,13,Grupos 1ra Ronda,1,3,0,1,2,2,5,-3
Chile,1970,Chile,0,no participó,0,0,0,0,0,0,0,0
Chile,1974,Chile,11,Grupos 1ra Ronda,2,3,0,2,1,1,2,-1
Chile,1978,Chile,0,no participó,0,0,0,0,0,0,0,0
Chile,1982,Chile,22,Grupos 1ra Ronda,0,3,0,0,3,3,8,-5
Chile,1986,Chile,0,no participó,0,0,0,0,0,0,0,0
Chile,1990,Chile,0,no participó,0,0,0,0,0,0,0,0
Chile,1994,Chile,0,no participó,0,0,0,0,0,0,0,0
Chile,1998,Chile,16,Octavos de Final,3,4,0,3,1,5,8,-3
Chile,2002,Chile,0,no participó,0,0,0,0,0,0,0,0
Chile,2006,Chile,0,no participó,0,0,0,0,0,0,0,0
Chile,2010,Chile,10,Octavos de Final,6,4,2,0,2,3,5,-2
Chile,2014,Chile,9,Octavos de Final,7,4,2,1,1,6,4,2
Chile,2018,Chile,0,no participó,0,0,0,0,0,0,0,0
Chile,2022,Chile,0,no participó,0,0,0,0,0,0,0,0
China,1930,China,0,no participó,0,0,0,0,0,0,0,0
China,1934,China,0,no participó,0,0,0,0,0,0,0,0
China,1938,China,0,no participó,0,0,0,0,0,0,0,0
China,1950,China,0,no participó,0,0,0,0,0,0,0,0
China,1954,China,0,no participó,0,0,0,0,0,0,0,0
China,1958,China,0,no participó,0,0,0,0,0,0,0,0
China,1962,China,0,no participó,0,0,0,0,0,0,0,0
China,1966,China,0,no participó,0,0,0,0,0,0,0,0
China,1970,China,0,no participó,0,0,0,0,0,0,0,0
China,1974,China,0,no participó,0,0,0,0,0,0,0,0
China,1978,China,0,no participó,0,0,0,0,0,0,0,0
China,1982,China,0,no participó,0,0,0,0,0,0,0,0
China,1986,China,0,no participó,0,0,0,0,0,0,0,0
China,1990,China,0,no participó,0,0,0,0,0,0,0,0
China,1994,China,0,no participó,0,0,0,0,0,0,0,0
China,1998,China,0,no participó,0,0,0,0,0,0,0,0
China,2002,China,31,Grupos 1ra Ronda,0,3,0,0,3,0,9,-9
China,2006,China,0,no participó,0,0,0,0,0,0,0,0
China,2010,China,0,no participó,0,0,0,0,0,0,0,0
China,2014,China,0,no participó,0,0,0,0,0,0,0,0
China,2018,China,0,no participó,0,0,0,0,0,0,0,0
China,2022,China,0,no participó,0,0,0,0,0,0,0,0
Colombia,1930,Colombia,0,no participó,0,0,0,0,0,0,0,0
Colombia,1934,Colombia,0,no participó,0,0,0,0,0,0,0,0
Colombia,1938,Colombia,0,no participó,0,0,0,0,0,0,0,0
Colombia,1950,Colombia,0,no participó,0,0,0,0,0,0,0,0
Colombia,1954,Colombia,0,no participó,0,0,0,0,0,0,0,0
Colombia,1958,Colombia,0,no participó,0,0,0,0,0,0,0,0
Colombia,1962,Colombia,14,Grupos 1ra Ronda,1,3,0,1,2,5,11,-6
Colombia,1966,Colombia,0,no participó,0,0,0,0,0,0,0,0
Colombia,1970,Colombia,0,no participó,0,0,0,0,0,0,0,0
Colombia,1974,Colombia,0,no participó,0,0,0,0,0,0,0,0
Colombia,1978,Colombia,0,no participó,0,0,0,0,0,0,0,0
Colombia,1982,Colombia,0,no participó,0,0,0,0,0,0,0,0
Colombia,1986,Colombia,0,no participó,0,0,0,0,0,0,0,0
Colombia,1990,Colombia,14,Octavos de Final,3,4,1,1,2,4,4,0
Colombia,1994,Colombia,19,Grupos 1ra Ronda,3,3,1,0,2,4,5,-1
Colombia,1998,Colombia,21,Grupos 1ra Ronda,3,3,1,0,2,1,3,-2
Colombia,2002,Colombia,0,no participó,0,0,0,0,0,0,0,0
Colombia,2006,Colombia,0,no participó,0,0,0,0,0,0,0,0
Colombia,2010,Colombia,0,no participó,0,0,0,0,0,0,0,0
Colombia,2014,Colombia,5,Cuartos de Final,12,5,4,0,1,12,4,8
Colombia,2018,Colombia,9,Octavos de Final,7,4,2,1,1,6,3,3
Colombia,2022,Colombia,0,no participó,0,0,0,0,0,0,0,0
Corea,1930,Corea del Norte,0,no participó,0,0,0,0,0,0,0,0
Corea,1934,Corea del Norte,0,no participó,0,0,0,0,0,0,0,0
Corea,1938,Corea del Norte,0,no participó,0,0,0,0,0,0,0,0
Corea,1950,Corea del Norte,0,no participó,0,0,0,0,0,0,0,0
Corea,1954,Corea del Norte,0,no participó,0,0,0,0,0,0,0,0
Corea,1958,Corea del Norte,0,no participó,0,0,0,0,0,0,0,0
Corea,1962,Corea del Norte,0,no participó,0,0,0,0,0,0,0,0
Corea,1966,Corea del Norte,8,Cuartos de Final,3,4,1,1,2,5,9,-4
Corea,1970,Corea del Norte,0,no participó,0,0,0,0,0,0,0,0
Corea,1974,Corea del Norte,0,no participó,0,0,0,0,0,0,0,0
Corea,1978,Corea del Norte,0,no participó,0,0,0,0,0,0,0,0
Corea,1982,Corea del Norte,0,no participó,0,0,0,0,0,0,0,0
Corea,1986,Corea del Norte,0,no participó,0,0,0,0,0,0,0,0
Corea,1990,Corea del Norte,0,no participó,0,0,0,0,0,0,0,0
Corea,1994,Corea del Norte,0,no participó,0,0,0,0,0,0,0,0
Corea,1998,Corea del Norte,0,no participó,0,0,0,0,0,0,0,0
Corea,2002,Corea del Norte,0,no participó,0,0,0,0,0,0,0,0
Corea,2006,Corea del Norte,0,no participó,0,0,0,0,0,0,0,0
Corea,2010,Corea del Norte,32,Grupos 1ra Ronda,0,3,0,0,3,1,12,-11
Corea,2014,Corea del Norte,0,no participó,0,0,0,0,0,0,0,0
Corea,2018,Corea del Norte,0,no participó,0,0,0,0,0,0,0,0
Corea,2022,Corea del Norte,0,no participó,0,0,0,0,0,0,0,0
Corea,1930,Corea del Sur,0,no participó,0,0,0,0,0,0,0,0
Corea,1934,Corea del Sur,0,no participó,0,0,0,0,0,0,0,0
Corea,1938,Corea del Sur,0,no participó,0,0,0,0,0,0,0,0
Corea,1950,Corea del Sur,0,no participó,0,0,0,0,0,0,0,0
Corea,1954,Corea del Sur,16,Grupos 1ra Ronda,0,2,0,0,2,0,16,-16
Corea,1958,Corea del Sur,0,no participó,0,0,0,0,0,0,0,0
Corea,1962,Corea del Sur,0,no participó,0,0,0,0,0,0,0,0
Corea,1966,Corea del Sur,0,no participó,0,0,0,0,0,0,0,0
Corea,1970,Corea del Sur,0,no participó,0,0,0,0,0,0,0,0
Corea,1974,Corea del Sur,0,no participó,0,0,0,0,0,0,0,0
Corea,1978,Corea del Sur,0,no participó,0,0,0,0,0,0,0,0
Corea,1982,Corea del Sur,0,no participó,0,0,0,0,0,0,0,0
Corea,1986,Corea del Sur,20,Grupos 1ra Ronda,1,3,0,1,2,4,7,-3
Corea,1990,Corea del Sur,22,Grupos 1ra Ronda,0,3,0,0,3,1,6,-5
Corea,1994,Corea del Sur,20,Grupos 1ra Ronda,2,3,0,2,1,4,5,-1
Corea,1998,Corea del Sur,30,Grupos 1ra Ronda,1,3,0,1,2,2,9,-7
Corea,2002,Corea del Sur,4,Partido 3er Puesto,11,7,3,2,2,8,6,2
Corea,2006,Corea del Sur,17,Grupos 1ra Ronda,4,3,1,1,1,3,4,-1
Corea,2010,Corea del Sur,15,Octavos de Final,4,4,1,1,2,6,8,-2
Corea,2014,Corea del Sur,27,Grupos 1ra Ronda,1,3,0,1,2,3,6,-3
Corea,2018,Corea del Sur,19,Grupos 1ra Ronda,3,3,1,0,2,3,3,0
Corea,2022,Corea del Sur,16,Octavos de Final,4,4,1,1,2,5,8,-3
Costa,1930,Costa de Marfil,0,no participó,0,0,0,0,0,0,0,0
Costa,1934,Costa de Marfil,0,no participó,0,0,0,0,0,0,0,0
Costa,1938,Costa de Marfil,0,no participó,0,0,0,0,0,0,0,0
Costa,1950,Costa de Marfil,0,no participó,0,0,0,0,0,0,0,0
Costa,1954,Costa de Marfil,0,no participó,0,0,0,0,0,0,0,0
Costa,1958,Costa de Marfil,0,no participó,0,0,0,0,0,0,0,0
Costa,1962,Costa de Marfil,0,no participó,0,0,0,0,0,0,0,0
Costa,1966,Costa de Marfil,0,no participó,0,0,0,0,0,0,0,0
Costa,1970,Costa de Marfil,0,no participó,0,0,0,0,0,0,0,0
Costa,1974,Costa de Marfil,0,no participó,0,0,0,0,0,0,0,0
Costa,1978,Costa de Marfil,0,no participó,0,0,0,0,0,0,0,0
Costa,1982,Costa de Marfil,0,no participó,0,0,0,0,0,0,0,0
Costa,1986,Costa de Marfil,0,no participó,0,0,0,0,0,0,0,0
Costa,1990,Costa de Marfil,0,no participó,0,0,0,0,0,0,0,0
Costa,1994,Costa de Marfil,0,no participó,0,0,0,0,0,0,0,0
Costa,1998,Costa de Marfil,0,no participó,0,0,0,0,0,0,0,0
Costa,2002,Costa de Marfil,0,no participó,0,0,0,0,0,0,0,0
Costa,2006,Costa de Marfil,19,Grupos 1ra Ronda,3,3,1,0,2,5,6,-1
Costa,2010,Costa de Marfil,17,Grupos 1ra Ronda,4,3,1,1,1,4,3,1
Costa,2014,Costa de Marfil,21,Grupos 1ra Ronda,3,3,1,0,2,4,5,-1
Costa,2018,Costa de Marfil,0,no participó,0,0,0,0,0,0,0,0
Costa,2022,Costa de Marfil,0,no participó,0,0,0,0,0,0,0,0
Costa,1930,Costa Rica,0,no participó,0,0,0,0,0,0,0,0
Costa,1934,Costa Rica,0,no participó,0,0,0,0,0,0,0,0
Costa,1938,Costa Rica,0,no participó,0,0,0,0,0,0,0,0
Costa,1950,Costa Rica,0,no participó,0,0,0,0,0,0,0,0
Costa,1954,Costa Rica,0,no participó,0,0,0,0,0,0,0,0
Costa,1958,Costa Rica,0,no participó,0,0,0,0,0,0,0,0
Costa,1962,Costa Rica,0,no participó,0,0,0,0,0,0,0,0
Costa,1966,Costa Rica,0,no participó,0,0,0,0,0,0,0,0
Costa,1970,Costa Rica,0,no participó,0,0,0,0,0,0,0,0
Costa,1974,Costa Rica,0,no participó,0,0,0,0,0,0,0,0
Costa,1978,Costa Rica,0,no participó,0,0,0,0,0,0,0,0
Costa,1982,Costa Rica,0,no participó,0,0,0,0,0,0,0,0
Costa,1986,Costa Rica,0,no participó,0,0,0,0,0,0,0,0
Costa,1990,Costa Rica,13,Octavos de Final,4,4,2,0,2,4,6,-2
Costa,1994,Costa Rica,0,no participó,0,0,0,0,0,0,0,0
Costa,1998,Costa Rica,0,no participó,0,0,0,0,0,0,0,0
Costa,2002,Costa Rica,19,Grupos 1ra Ronda,4,3,1,1,1,5,6,-1
Costa,2006,Costa Rica,31,Grupos 1ra Ronda,0,3,0,0,3,3,9,-6
Costa,2010,Costa Rica,0,no participó,0,0,0,0,0,0,0,0
Costa,2014,Costa Rica,8,Cuartos de Final,9,5,2,3,0,5,2,3
Costa,2018,Costa Rica,29,Grupos 1ra Ronda,1,3,0,1,2,2,5,-3
Costa,2022,Costa Rica,27,Grupos 1ra Ronda,3,3,1,0,2,3,11,-8
Croacia,1930,Croacia,0,no participó,0,0,0,0,0,0,0,0
Croacia,1934,Croacia,0,no participó,0,0,0,0,0,0,0,0
Croacia,1938,Croacia,0,no participó,0,0,0,0,0,0,0,0
Croacia,1950,Croacia,0,no participó,0,0,0,0,0,0,0,0
Croacia,1954,Croacia,0,no participó,0,0,0,0,0,0,0,0
Croacia,1958,Croacia,0,no participó,0,0,0,0,0,0,0,0
Croacia,1962,Croacia,0,no participó,0,0,0,0,0,0,0,0
Croacia,1966,Croacia,0,no participó,0,0,0,0,0,0,0,0
Croacia,1970,Croacia,0,no participó,0,0,0,0,0,0,0,0
Croacia,1974,Croacia,0,no participó,0,0,0,0,0,0,0,0
Croacia,1978,Croacia,0,no participó,0,0,0,0,0,0,0,0
Croacia,1982,Croacia,0,no participó,0,0,0,0,0,0,0,0
Croacia,1986,Croacia,0,no participó,0,0,0,0,0,0,0,0
Croacia,1990,Croacia,0,no participó,0,0,0,0,0,0,0,0
Croacia,1994,Croacia,0,no participó,0,0,0,0,0,0,0,0
Croacia,1998,Croacia,3,Partido 3er Puesto,15,7,5,0,2,11,5,6
Croacia,2002,Croacia,23,Grupos 1ra Ronda,3,3,1,0,2,2,3,-1
Croacia,2006,Croacia,22,Grupos 1ra Ronda,2,3,0,2,1,2,3,-1
Croacia,2010,Croacia,0,no participó,0,0,0,0,0,0,0,0
Croacia,2014,Croacia,19,Grupos 1ra Ronda,3,3,1,0,2,6,6,0
Croacia,2018,Croacia,2,Final,14,7,4,2,1,14,9,5
Croacia,2022,Croacia,3,Partido 3er Puesto,10,7,2,4,1,8,7,1
Cuba,1930,Cuba,0,no participó,0,0,0,0,0,0,0,0
Cuba,1934,Cuba,0,no participó,0,0,0,0,0,0,0,0
Cuba,1938,Cuba,7,Cuartos de Final,3,3,1,1,1,5,12,-7
Cuba,1950,Cuba,0,no participó,0,0,0,0,0,0,0,0
Cuba,1954,Cuba,0,no participó,0,0,0,0,0,0,0,0
Cuba,1958,Cuba,0,no participó,0,0,0,0,0,0,0,0
Cuba,1962,Cuba,0,no participó,0,0,0,0,0,0,0,0
Cuba,1966,Cuba,0,no participó,0,0,0,0,0,0,0,0
Cuba,1970,Cuba,0,no participó,0,0,0,0,0,0,0,0
Cuba,1974,Cuba,0,no participó,0,0,0,0,0,0,0,0
Cuba,1978,Cuba,0,no participó,0,0,0,0,0,0,0,0
Cuba,1982,Cuba,0,no participó,0,0,0,0,0,0,0,0
Cuba,1986,Cuba,0,no participó,0,0,0,0,0,0,0,0
Cuba,1990,Cuba,0,no participó,0,0,0,0,0,0,0,0
Cuba,1994,Cuba,0,no participó,0,0,0,0,0,0,0,0
Cuba,1998,Cuba,0,no participó,0,0,0,0,0,0,0,0
Cuba,2002,Cuba,0,no participó,0,0,0,0,0,0,0,0
Cuba,2006,Cuba,0,no participó,0,0,0,0,0,0,0,0
Cuba,2010,Cuba,0,no participó,0,0,0,0,0,0,0,0
Cuba,2014,Cuba,0,no participó,0,0,0,0,0,0,0,0
Cuba,2018,Cuba,0,no participó,0,0,0,0,0,0,0,0
Cuba,2022,Cuba,0,no participó,0,0,0,0,0,0,0,0
Dinamarca,1930,Dinamarca,0,no participó,0,0,0,0,0,0,0,0
Dinamarca,1934,Dinamarca,0,no participó,0,0,0,0,0,0,0,0
Dinamarca,1938,Dinamarca,0,no participó,0,0,0,0,0,0,0,0
Dinamarca,1950,Dinamarca,0,no participó,0,0,0,0,0,0,0,0
Dinamarca,1954,Dinamarca,0,no participó,0,0,0,0,0,0,0,0
Dinamarca,1958,Dinamarca,0,no participó,0,0,0,0,0,0,0,0
Dinamarca,1962,Dinamarca,0,no participó,0,0,0,0,0,0,0,0
Dinamarca,1966,Dinamarca,0,no participó,0,0,0,0,0,0,0,0
Dinamarca,1970,Dinamarca,0,no participó,0,0,0,0,0,0,0,0
Dinamarca,1974,Dinamarca,0,no participó,0,0,0,0,0,0,0,0
Dinamarca,1978,Dinamarca,0,no participó,0,0,0,0,0,0,0,0
Dinamarca,1982,Dinamarca,0,no participó,0,0,0,0,0,0,0,0
Dinamarca,1986,Dinamarca,9,Octavos de Final,6,4,3,0,1,10,6,4
Dinamarca,1990,Dinamarca,0,no participó,0,0,0,0,0,0,0,0
Dinamarca,1994,Dinamarca,0,no participó,0,0,0,0,0,0,0,0
Dinamarca,1998,Dinamarca,8,Cuartos de Final,7,5,2,1,2,9,7,2
Dinamarca,2002,Dinamarca,10,Octavos de Final,7,4,2,1,1,5,5,0
Dinamarca,2006,Dinamarca,0,no participó,0,0,0,0,0,0,0,0
Dinamarca,2010,Dinamarca,24,Grupos 1ra Ronda,3,3,1,0,2,3,6,-3
Dinamarca,2014,Dinamarca,0,no participó,0,0,0,0,0,0,0,0
Dinamarca,2018,Dinamarca,11,Octavos de Final,6,4,1,3,0,3,2,1
Dinamarca,2022,Dinamarca,28,Grupos 1ra Ronda,1,3,0,1,2,1,3,-2
Ecuador,1930,Ecuador,0,no participó,0,0,0,0,0,0,0,0
Ecuador,1934,Ecuador,0,no participó,0,0,0,0,0,0,0,0
Ecuador,1938,Ecuador,0,no participó,0,0,0,0,0,0,0,0
Ecuador,1950,Ecuador,0,no participó,0,0,0,0,0,0,0,0
Ecuador,1954,Ecuador,0,no participó,0,0,0,0,0,0,0,0
Ecuador,1958,Ecuador,0,no participó,0,0,0,0,0,0,0,0
Ecuador,1962,Ecuador,0,no participó,0,0,0,0,0,0,0,0
Ecuador,1966,Ecuador,0,no participó,0,0,0,0,0,0,0,0
Ecuador,1970,Ecuador,0,no participó,0,0,0,0,0,0,0,0
Ecuador,1974,Ecuador,0,no participó,0,0,0,0,0,0,0,0
Ecuador,1978,Ecuador,0,no participó,0,0,0,0,0,0,0,0
Ecuador,1982,Ecuador,0,no participó,0,0,0,0,0,0,0,0
Ecuador,1986,Ecuador,0,no participó,0,0,0,0,0,0,0,0
Ecuador,1990,Ecuador,0,no participó,0,0,0,0,0,0,0,0
Ecuador,1994,Ecuador,0,no participó,0,0,0,0,0,0,0,0
Ecuador,1998,Ecuador,0,no participó,0,0,0,0,0,0,0,0
Ecuador,2002,Ecuador,24,Grupos 1ra Ronda,3,3,1,0,2,2,4,-2
Ecuador,2006,Ecuador,12,Octavos de Final,6,4,2,0,2,5,4,1
Ecuador,2010,Ecuador,0,no participó,0,0,0,0,0,0,0,0
Ecuador,2014,Ecuador,17,Grupos 1ra Ronda,4,3,1,1,1,3,3,0
Ecuador,2018,Ecuador,0,no participó,0,0,0,0,0,0,0,0
Ecuador,2022,Ecuador,18,Grupos 1ra Ronda,4,3,1,1,1,4,3,1
Egipto,1930,Egipto,0,no participó,0,0,0,0,0,0,0,0
Egipto,1934,Egipto,13,Octavos de Final,0,1,0,0,1,2,4,-2
Egipto,1938,Egipto,0,no participó,0,0,0,0,0,0,0,0
Egipto,1950,Egipto,0,no participó,0,0,0,0,0,0,0,0
Egipto,1954,Egipto,0,no participó,0,0,0,0,0,0,0,0
Egipto,1958,Egipto,0,no participó,0,0,0,0,0,0,0,0
Egipto,1962,Egipto,0,no participó,0,0,0,0,0,0,0,0
Egipto,1966,Egipto,0,no participó,0,0,0,0,0,0,0,0
Egipto,1970,Egipto,0,no participó,0,0,0,0,0,0,0,0
Egipto,1974,Egipto,0,no participó,0,0,0,0,0,0,0,0
Egipto,1978,Egipto,0,no participó,0,0,0,0,0,0,0,0
Egipto,1982,Egipto,0,no participó,0,0,0,0,0,0,0,0
Egipto,1986,Egipto,0,no participó,0,0,0,0,0,0,0,0
Egipto,1990,Egipto,20,Grupos 1ra Ronda,2,3,0,2,1,1,2,-1
Egipto,1994,Egipto,0,no participó,0,0,0,0,0,0,0,0
Egipto,1998,Egipto,0,no participó,0,0,0,0,0,0,0,0
Egipto,2002,Egipto,0,no participó,0,0,0,0,0,0,0,0
Egipto,2006,Egipto,0,no participó,0,0,0,0,0,0,0,0
Egipto,2010,Egipto,0,no participó,0,0,0,0,0,0,0,0
Egipto,2014,Egipto,0,no participó,0,0,0,0,0,0,0,0
Egipto,2018,Egipto,31,Grupos 1ra Ronda,0,3,0,0,3,2,6,-4
Egipto,2022,Egipto,0,no participó,0,0,0,0,0,0,0,0
El,1930,El Salvador,0,no participó,0,0,0,0,0,0,0,0
El,1934,El Salvador,0,no participó,0,0,0,0,0,0,0,0
El,1938,El Salvador,0,no participó,0,0,0,0,0,0,0,0
El,1950,El Salvador,0,no participó,0,0,0,0,0,0,0,0
El,1954,El Salvador,0,no participó,0,0,0,0,0,0,0,0
El,1958,El Salvador,0,no participó,0,0,0,0,0,0,0,0
El,1962,El Salvador,0,no participó,0,0,0,0,0,0,0,0
El,1966,El Salvador,0,no participó,0,0,0,0,0,0,0,0
El,1970,El Salvador,16,Grupos 1ra Ronda,0,3,0,0,3,0,9,-9
El,1974,El Salvador,0,no participó,0,0,0,0,0,0,0,0
El,1978,El Salvador,0,no participó,0,0,0,0,0,0,0,0
El,1982,El Salvador,24,Grupos 1ra Ronda,0,3,0,0,3,1,13,-12
El,1986,El Salvador,0,no participó,0,0,0,0,0,0,0,0
El,1990,El Salvador,0,no participó,0,0,0,0,0,0,0,0
El,1994,El Salvador,0,no participó,0,0,0,0,0,0,0,0
El,1998,El Salvador,0,no participó,0,0,0,0,0,0,0,0
El,2002,El Salvador,0,no participó,0,0,0,0,0,0,0,0
El,2006,El Salvador,0,no participó,0,0,0,0,0,0,0,0
El,2010,El Salvador,0,no participó,0,0,0,0,0,0,0,0
El,2014,El Salvador,0,no participó,0,0,0,0,0,0,0,0
El,2018,El Salvador,0,no participó,0,0,0,0,0,0,0,0
El,2022,El Salvador,0,no participó,0,0,0,0,0,0,0,0
Emiratos,1930,Emiratos Arabes,0,no participó,0,0,0,0,0,0,0,0
Emiratos,1934,Emiratos Arabes,0,no participó,0,0,0,0,0,0,0,0
Emiratos,1938,Emiratos Arabes,0,no participó,0,0,0,0,0,0,0,0
Emiratos,1950,Emiratos Arabes,0,no participó,0,0,0,0,0,0,0,0
Emiratos,1954,Emiratos Arabes,0,no participó,0,0,0,0,0,0,0,0
Emiratos,1958,Emiratos Arabes,0,no participó,0,0,0,0,0,0,0,0
Emiratos,1962,Emiratos Arabes,0,no participó,0,0,0,0,0,0,0,0
Emiratos,1966,Emiratos Arabes,0,no participó,0,0,0,0,0,0,0,0
Emiratos,1970,Emiratos Arabes,0,no participó,0,0,0,0,0,0,0,0
Emiratos,1974,Emiratos Arabes,0,no participó,0,0,0,0,0,0,0,0
Emiratos,1978,Emiratos Arabes,0,no participó,0,0,0,0,0,0,0,0
Emiratos,1982,Emiratos Arabes,0,no participó,0,0,0,0,0,0,0,0
Emiratos,1986,Emiratos Arabes,0,no participó,0,0,0,0,0,0,0,0
Emiratos,1990,Emiratos Arabes,24,Grupos 1ra Ronda,0,3,0,0,3,2,11,-9
Emiratos,1994,Emiratos Arabes,0,no participó,0,0,0,0,0,0,0,0
Emiratos,1998,Emiratos Arabes,0,no participó,0,0,0,0,0,0,0,0
Emiratos,2002,Emiratos Arabes,0,no participó,0,0,0,0,0,0,0,0
Emiratos,2006,Emiratos Arabes,0,no participó,0,0,0,0,0,0,0,0
Emiratos,2010,Emiratos Arabes,0,no participó,0,0,0,0,0,0,0,0
Emiratos,2014,Emiratos Arabes,0,no participó,0,0,0,0,0,0,0,0
Emiratos,2018,Emiratos Arabes,0,no participó,0,0,0,0,0,0,0,0
Emiratos,2022,Emiratos Arabes,0,no participó,0,0,0,0,0,0,0,0
Escocia,1930,Escocia,0,no participó,0,0,0,0,0,0,0,0
Escocia,1934,Escocia,0,no participó,0,0,0,0,0,0,0,0
Escocia,1938,Escocia,0,no participó,0,0,0,0,0,0,0,0
Escocia,1950,Escocia,0,no participó,0,0,0,0,0,0,0,0
Escocia,1954,Escocia,15,Grupos 1ra Ronda,0,2,0,0,2,0,8,-8
Escocia,1958,Escocia,14,Grupos 1ra Ronda,1,3,0,1,2,4,6,-2
Escocia,1962,Escocia,0,no participó,0,0,0,0,0,0,0,0
Escocia,1966,Escocia,0,no participó,0,0,0,0,0,0,0,0
Escocia,1970,Escocia,0,no participó,0,0,0,0,0,0,0,0
Escocia,1974,Escocia,9,Grupos 1ra Ronda,4,3,1,2,0,3,1,2
Escocia,1978,Escocia,11,Grupos 1ra Ronda,3,3,1,1,1,5,6,-1
Escocia,1982,Escocia,15,Grupos 1ra Ronda,3,3,1,1,1,8,8,0
Escocia,1986,Escocia,19,Grupos 1ra Ronda,1,3,0,1,2,1,3,-2
Escocia,1990,Escocia,18,Grupos 1ra Ronda,2,3,1,0,2,2,3,-1
Escocia,1994,Escocia,0,no participó,0,0,0,0,0,0,0,0
Escocia,1998,Escocia,27,Grupos 1ra Ronda,1,3,0,1,2,2,6,-4
Escocia,2002,Escocia,0,no participó,0,0,0,0,0,0,0,0
Escocia,2006,Escocia,0,no participó,0,0,0,0,0,0,0,0
Escocia,2010,Escocia,0,no participó,0,0,0,0,0,0,0,0
Escocia,2014,Escocia,0,no participó,0,0,0,0,0,0,0,0
Escocia,2018,Escocia,0,no participó,0,0,0,0,0,0,0,0
Escocia,2022,Escocia,0,no participó,0,0,0,0,0,0,0,0
Eslovaquia,1930,Eslovaquia,0,no participó,0,0,0,0,0,0,0,0
Eslovaquia,1934,Eslovaquia,0,no participó,0,0,0,0,0,0,0,0
Eslovaquia,1938,Eslovaquia,0,no participó,0,0,0,0,0,0,0,0
Eslovaquia,1950,Eslovaquia,0,no participó,0,0,0,0,0,0,0,0
Eslovaquia,1954,Eslovaquia,0,no participó,0,0,0,0,0,0,0,0
Eslovaquia,1958,Eslovaquia,0,no participó,0,0,0,0,0,0,0,0
Eslovaquia,1962,Eslovaquia,0,no participó,0,0,0,0,0,0,0,0
Eslovaquia,1966,Eslovaquia,0,no participó,0,0,0,0,0,0,0,0
Eslovaquia,1970,Eslovaquia,0,no participó,0,0,0,0,0,0,0,0
Eslovaquia,1974,Eslovaquia,0,no participó,0,0,0,0,0,0,0,0
Eslovaquia,1978,Eslovaquia,0,no participó,0,0,0,0,0,0,0,0
Eslovaquia,1982,Eslovaquia,0,no participó,0,0,0,0,0,0,0,0
Eslovaquia,1986,Eslovaquia,0,no participó,0,0,0,0,0,0,0,0
Eslovaquia,1990,Eslovaquia,0,no participó,0,0,0,0,0,0,0,0
Eslovaquia,1994,Eslovaquia,0,no participó,0,0,0,0,0,0,0,0
Eslovaquia,1998,Eslovaquia,0,no participó,0,0,0,0,0,0,0,0
Eslovaquia,2002,Eslovaquia,0,no participó,0,0,0,0,0,0,0,0
Eslovaquia,2006,Eslovaquia,0,no participó,0,0,0,0,0,0,0,0
Eslovaquia,2010,Eslovaquia,16,Octavos de Final,4,4,1,1,2,5,7,-2
Eslovaquia,2014,Eslovaquia,0,no participó,0,0,0,0,0,0,0,0
Eslovaquia,2018,Eslovaquia,0,no participó,0,0,0,0,0,0,0,0
Eslovaquia,2022,Eslovaquia,0,no participó,0,0,0,0,0,0,0,0
Eslovenia,1930,Eslovenia,0,no participó,0,0,0,0,0,0,0,0
Eslovenia,1934,Eslovenia,0,no participó,0,0,0,0,0,0,0,0
Eslovenia,1938,Eslovenia,0,no participó,0,0,0,0,0,0,0,0
Eslovenia,1950,Eslovenia,0,no participó,0,0,0,0,0,0,0,0
Eslovenia,1954,Eslovenia,0,no participó,0,0,0,0,0,0,0,0
Eslovenia,1958,Eslovenia,0,no participó,0,0,0,0,0,0,0,0
Eslovenia,1962,Eslovenia,0,no participó,0,0,0,0,0,0,0,0
Eslovenia,1966,Eslovenia,0,no participó,0,0,0,0,0,0,0,0
Eslovenia,1970,Eslovenia,0,no participó,0,0,0,0,0,0,0,0
Eslovenia,1974,Eslovenia,0,no participó,0,0,0,0,0,0,0,0
Eslovenia,1978,Eslovenia,0,no participó,0,0,0,0,0,0,0,0
Eslovenia,1982,Eslovenia,0,no participó,0,0,0,0,0,0,0,0
Eslovenia,1986,Eslovenia,0,no participó,0,0,0,0,0,0,0,0
Eslovenia,1990,Eslovenia,0,no participó,0,0,0,0,0,0,0,0
Eslovenia,1994,Eslovenia,0,no participó,0,0,0,0,0,0,0,0
Eslovenia,1998,Eslovenia,0,no participó,0,0,0,0,0,0,0,0
Eslovenia,2002,Eslovenia,30,Grupos 1ra Ronda,0,3,0,0,3,2,7,-5
Eslovenia,2006,Eslovenia,0,no participó,0,0,0,0,0,0,0,0
Eslovenia,2010,Eslovenia,18,Grupos 1ra Ronda,4,3,1,1,1,3,3,0
Eslovenia,2014,Eslovenia,0,no participó,0,0,0,0,0,0,0,0
Eslovenia,2018,Eslovenia,0,no participó,0,0,0,0,0,0,0,0
Eslovenia,2022,Eslovenia,0,no participó,0,0,0,0,0,0,0,0
España,1930,España,0,no participó,0,0,0,0,0,0,0,0
España,1934,España,5,Cuartos de Final,3,3,1,1,1,4,3,1
España,1938,España,0,no participó,0,0,0,0,0,0,0,0
España,1950,España,4,Ronda Final,7,6,3,1,2,10,12,-2
España,1954,España,0,no participó,0,0,0,0,0,0,0,0
España,1958,España,0,no participó,0,0,0,0,0,0,0,0
España,1962,España,12,Grupos 1ra Ronda,2,3,1,0,2,2,3,-1
España,1966,España,10,Grupos 1ra Ronda,2,3,1,0,2,4,5,-1
España,1970,España,0,no participó,0,0,0,0,0,0,0,0
España,1974,España,0,no participó,0,0,0,0,0,0,0,0
España,1978,España,10,Grupos 1ra Ronda,3,3,1,1,1,2,2,0
España,1982,España,12,Grupos 2da Ronda,4,5,1,2,2,4,5,-1
España,1986,España,7,Cuartos de Final,7,5,3,1,1,11,4,7
España,1990,España,10,Octavos de Final,5,4,2,1,1,6,4,2
España,1994,España,8,Cuartos de Final,8,5,2,2,1,10,6,4
España,1998,España,17,Grupos 1ra Ronda,4,3,1,1,1,8,4,4
España,2002,España,5,Cuartos de Final,11,5,3,2,0,10,5,5
España,2006,España,9,Octavos de Final,9,4,3,0,1,9,4,5
España,2010,España,1,Final,18,7,6,0,1,8,2,6
España,2014,España,23,Grupos 1ra Ronda,3,3,1,0,2,4,7,-3
España,2018,España,10,Octavos de Final,6,4,1,3,0,7,6,1
España,2022,España,13,Octavos de Final,5,4,1,2,1,9,3,6
Estados,1930,Estados Unidos,3,Partido 3er Puesto,4,3,2,0,1,7,6,1
Estados,1934,Estados Unidos,16,Octavos de Final,0,1,0,0,1,1,7,-6
Estados,1938,Estados Unidos,0,no participó,0,0,0,0,0,0,0,0
Estados,1950,Estados Unidos,10,Grupos 1ra Ronda,2,3,1,0,2,4,8,-4
Estados,1954,Estados Unidos,0,no participó,0,0,0,0,0,0,0,0
Estados,1958,Estados Unidos,0,no participó,0,0,0,0,0,0,0,0
Estados,1962,Estados Unidos,0,no participó,0,0,0,0,0,0,0,0
Estados,1966,Estados Unidos,0,no participó,0,0,0,0,0,0,0,0
Estados,1970,Estados Unidos,0,no participó,0,0,0,0,0,0,0,0
Estados,1974,Estados Unidos,0,no participó,0,0,0,0,0,0,0,0
Estados,1978,Estados Unidos,0,no participó,0,0,0,0,0,0,0,0
Estados,1982,Estados Unidos,0,no participó,0,0,0,0,0,0,0,0
Estados,1986,Estados Unidos,0,no participó,0,0,0,0,0,0,0,0
Estados,1990,Estados Unidos,23,Grupos 1ra Ronda,0,3,0,0,3,2,8,-6
Estados,1994,Estados Unidos,14,Octavos de Final,4,4,1,1,2,3,4,-1
Estados,1998,Estados Unidos,32,Grupos 1ra Ronda,0,3,0,0,3,1,5,-4
Estados,2002,Estados Unidos,8,Cuartos de Final,7,5,2,1,2,7,7,0
Estados,2006,Estados Unidos,25,Grupos 1ra Ronda,1,3,0,1,2,2,6,-4
Estados,2010,Estados Unidos,12,Octavos de Final,5,4,1,2,1,5,5,0
Estados,2014,Estados Unidos,15,Octavos de Final,4,4,1,1,2,5,6,-1
Estados,2018,Estados Unidos,0,no participó,0,0,0,0,0,0,0,0
Estados,2022,Estados Unidos,14,Octavos de Final,5,4,1,2,1,3,4,-1
Francia,1930,Francia,7,Grupos 1ra Ronda,2,3,1,0,2,4,3,1
Francia,1934,Francia,9,Octavos de Final,0,1,0,0,1,2,3,-1
Francia,1938,Francia,8,Cuartos de Final,2,2,1,0,1,4,4,0
Francia,1950,Francia,0,no participó,0,0,0,0,0,0,0,0
Francia,1954,Francia,9,Grupos 1ra Ronda,2,2,1,0,1,3,3,0
Francia,1958,Francia,3,Partido 3er Puesto,8,6,4,0,2,23,15,8
Francia,1962,Francia,0,no participó,0,0,0,0,0,0,0,0
Francia,1966,Francia,13,Grupos 1ra Ronda,1,3,0,1,2,2,5,-3
Francia,1970,Francia,0,no participó,0,0,0,0,0,0,0,0
Francia,1974,Francia,0,no participó,0,0,0,0,0,0,0,0
Francia,1978,Francia,12,Grupos 1ra Ronda,2,3,1,0,2,5,5,0
Francia,1982,Francia,4,Partido 3er Puesto,8,7,3,2,2,16,12,4
Francia,1986,Francia,3,Partido 3er Puesto,10,7,4,2,1,12,6,6
Francia,1990,Francia,0,no participó,0,0,0,0,0,0,0,0
Francia,1994,Francia,0,no participó,0,0,0,0,0,0,0,0
Francia,1998,Francia,1,Final,19,7,6,1,0,15,2,13
Francia,2002,Francia,28,Grupos 1ra Ronda,1,3,0,1,2,0,3,-3
Francia,2006,Francia,2,Final,15,7,4,3,0,9,3,6
Francia,2010,Francia,29,Grupos 1ra Ronda,1,3,0,1,2,1,4,-3
Francia,2014,Francia,7,Cuartos de Final,10,5,3,1,1,10,3,7
Francia,2018,Francia,1,Final,19,7,6,1,0,14,6,8
Francia,2022,Francia,,Final,15,6,5,0,1,13,5,8
Gales,1930,Gales,0,no participó,0,0,0,0,0,0,0,0
Gales,1934,Gales,0,no participó,0,0,0,0,0,0,0,0
Gales,1938,Gales,0,no participó,0,0,0,0,0,0,0,0
Gales,1950,Gales,0,no participó,0,0,0,0,0,0,0,0
Gales,1954,Gales,0,no participó,0,0,0,0,0,0,0,0
Gales,1958,Gales,5,Cuartos de Final,5,5,1,3,1,4,4,0
Gales,1962,Gales,0,no participó,0,0,0,0,0,0,0,0
Gales,1966,Gales,0,no participó,0,0,0,0,0,0,0,0
Gales,1970,Gales,0,no participó,0,0,0,0,0,0,0,0
Gales,1974,Gales,0,no participó,0,0,0,0,0,0,0,0
Gales,1978,Gales,0,no participó,0,0,0,0,0,0,0,0
Gales,1982,Gales,0,no participó,0,0,0,0,0,0,0,0
Gales,1986,Gales,0,no participó,0,0,0,0,0,0,0,0
Gales,1990,Gales,0,no participó,0,0,0,0,0,0,0,0
Gales,1994,Gales,0,no participó,0,0,0,0,0,0,0,0
Gales,1998,Gales,0,no participó,0,0,0,0,0,0,0,0
Gales,2002,Gales,0,no participó,0,0,0,0,0,0,0,0
Gales,2006,Gales,0,no participó,0,0,0,0,0,0,0,0
Gales,2010,Gales,0,no participó,0,0,0,0,0,0,0,0
Gales,2014,Gales,0,no participó,0,0,0,0,0,0,0,0
Gales,2018,Gales,0,no participó,0,0,0,0,0,0,0,0
Gales,2022,Gales,30,Grupos 1ra Ronda,1,3,0,1,2,1,6,-5
Ghana,1930,Ghana,0,no participó,0,0,0,0,0,0,0,0
Ghana,1934,Ghana,0,no participó,0,0,0,0,0,0,0,0
Ghana,1938,Ghana,0,no participó,0,0,0,0,0,0,0,0
Ghana,1950,Ghana,0,no participó,0,0,0,0,0,0,0,0
Ghana,1954,Ghana,0,no participó,0,0,0,0,0,0,0,0
Ghana,1958,Ghana,0,no participó,0,0,0,0,0,0,0,0
Ghana,1962,Ghana,0,no participó,0,0,0,0,0,0,0,0
Ghana,1966,Ghana,0,no participó,0,0,0,0,0,0,0,0
Ghana,1970,Ghana,0,no participó,0,0,0,0,0,0,0,0
Ghana,1974,Ghana,0,no participó,0,0,0,0,0,0,0,0
Ghana,1978,Ghana,0,no participó,0,0,0,0,0,0,0,0
Ghana,1982,Ghana,0,no participó,0,0,0,0,0,0,0,0
Ghana,1986,Ghana,0,no participó,0,0,0,0,0,0,0,0
Ghana,1990,Ghana,0,no participó,0,0,0,0,0,0,0,0
Ghana,1994,Ghana,0,no participó,0,0,0,0,0,0,0,0
Ghana,1998,Ghana,0,no participó,0,0,0,0,0,0,0,0
Ghana,2002,Ghana,0,no participó,0,0,0,0,0,0,0,0
Ghana,2006,Ghana,13,Octavos de Final,6,4,2,0,2,4,6,-2
Ghana,2010,Ghana,7,Cuartos de Final,8,5,2,2,1,5,4,1
Ghana,2014,Ghana,25,Grupos 1ra Ronda,1,3,0,1,2,4,6,-2
Ghana,2018,Ghana,0,no participó,0,0,0,0,0,0,0,0
Ghana,2022,Ghana,24,Grupos 1ra Ronda,3,3,1,0,2,5,7,-2
Grecia,1930,Grecia,0,no participó,0,0,0,0,0,0,0,0
Grecia,1934,Grecia,0,no participó,0,0,0,0,0,0,0,0
Grecia,1938,Grecia,0,no participó,0,0,0,0,0,0,0,0
Grecia,1950,Grecia,0,no participó,0,0,0,0,0,0,0,0
Grecia,1954,Grecia,0,no participó,0,0,0,0,0,0,0,0
Grecia,1958,Grecia,0,no participó,0,0,0,0,0,0,0,0
Grecia,1962,Grecia,0,no participó,0,0,0,0,0,0,0,0
Grecia,1966,Grecia,0,no participó,0,0,0,0,0,0,0,0
Grecia,1970,Grecia,0,no participó,0,0,0,0,0,0,0,0
Grecia,1974,Grecia,0,no participó,0,0,0,0,0,0,0,0
Grecia,1978,Grecia,0,no participó,0,0,0,0,0,0,0,0
Grecia,1982,Grecia,0,no participó,0,0,0,0,0,0,0,0
Grecia,1986,Grecia,0,no participó,0,0,0,0,0,0,0,0
Grecia,1990,Grecia,0,no participó,0,0,0,0,0,0,0,0
Grecia,1994,Grecia,24,Grupos 1ra Ronda,0,3,0,0,3,0,10,-10
Grecia,1998,Grecia,0,no participó,0,0,0,0,0,0,0,0
Grecia,2002,Grecia,0,no participó,0,0,0,0,0,0,0,0
Grecia,2006,Grecia,0,no participó,0,0,0,0,0,0,0,0
Grecia,2010,Grecia,25,Grupos 1ra Ronda,3,3,1,0,2,2,5,-3
Grecia,2014,Grecia,13,Octavos de Final,5,4,1,2,1,3,5,-2
Grecia,2018,Grecia,0,no participó,0,0,0,0,0,0,0,0
Grecia,2022,Grecia,0,no participó,0,0,0,0,0,0,0,0
Haití,1930,Haití,0,no participó,0,0,0,0,0,0,0,0
Haití,1934,Haití,0,no participó,0,0,0,0,0,0,0,0
Haití,1938,Haití,0,no participó,0,0,0,0,0,0,0,0
Haití,1950,Haití,0,no participó,0,0,0,0,0,0,0,0
Haití,1954,Haití,0,no participó,0,0,0,0,0,0,0,0
Haití,1958,Haití,0,no participó,0,0,0,0,0,0,0,0
Haití,1962,Haití,0,no participó,0,0,0,0,0,0,0,0
Haití,1966,Haití,0,no participó,0,0,0,0,0,0,0,0
Haití,1970,Haití,0,no participó,0,0,0,0,0,0,0,0
Haití,1974,Haití,15,Grupos 1ra Ronda,0,3,0,0,3,2,14,-12
Haití,1978,Haití,0,no participó,0,0,0,0,0,0,0,0
Haití,1982,Haití,0,no participó,0,0,0,0,0,0,0,0
Haití,1986,Haití,0,no participó,0,0,0,0,0,0,0,0
Haití,1990,Haití,0,no participó,0,0,0,0,0,0,0,0
Haití,1994,Haití,0,no participó,0,0,0,0,0,0,0,0
Haití,1998,Haití,0,no participó,0,0,0,0,0,0,0,0
Haití,2002,Haití,0,no participó,0,0,0,0,0,0,0,0
Haití,2006,Haití,0,no participó,0,0,0,0,0,0,0,0
Haití,2010,Haití,0,no participó,0,0,0,0,0,0,0,0
Haití,2014,Haití,0,no participó,0,0,0,0,0,0,0,0
Haití,2018,Haití,0,no participó,0,0,0,0,0,0,0,0
Haití,2022,Haití,0,no participó,0,0,0,0,0,0,0,0
Holanda,1930,Holanda,0,no participó,0,0,0,0,0,0,0,0
Holanda,1934,Holanda,9,Octavos de Final,0,1,0,0,1,2,3,-1
Holanda,1938,Holanda,14,Octavos de Final,0,1,0,0,1,0,3,-3
Holanda,1950,Holanda,0,no participó,0,0,0,0,0,0,0,0
Holanda,1954,Holanda,0,no participó,0,0,0,0,0,0,0,0
Holanda,1958,Holanda,0,no participó,0,0,0,0,0,0,0,0
Holanda,1962,Holanda,0,no participó,0,0,0,0,0,0,0,0
Holanda,1966,Holanda,0,no participó,0,0,0,0,0,0,0,0
Holanda,1970,Holanda,0,no participó,0,0,0,0,0,0,0,0
Holanda,1974,Holanda,2,Final,11,7,5,1,1,15,3,12
Holanda,1978,Holanda,2,Final,8,7,3,2,2,15,10,5
Holanda,1982,Holanda,0,no participó,0,0,0,0,0,0,0,0
Holanda,1986,Holanda,0,no participó,0,0,0,0,0,0,0,0
Holanda,1990,Holanda,15,Octavos de Final,3,4,0,3,1,3,4,-1
Holanda,1994,Holanda,7,Cuartos de Final,9,5,3,0,2,8,6,2
Holanda,1998,Holanda,4,Partido 3er Puesto,12,7,3,3,1,13,7,6
Holanda,2002,Holanda,0,no participó,0,0,0,0,0,0,0,0
Holanda,2006,Holanda,11,Octavos de Final,7,4,2,1,1,3,2,1
Holanda,2010,Holanda,2,Final,18,7,6,0,1,12,6,6
Holanda,2014,Holanda,3,Partido 3er Puesto,17,7,5,2,0,15,4,11
Holanda,2018,Holanda,0,no participó,0,0,0,0,0,0,0,0
Holanda,2022,Holanda,5,Cuartos de Final,11,5,3,2,0,10,4,6
Honduras,1930,Honduras,0,no participó,0,0,0,0,0,0,0,0
Honduras,1934,Honduras,0,no participó,0,0,0,0,0,0,0,0
Honduras,1938,Honduras,0,no participó,0,0,0,0,0,0,0,0
Honduras,1950,Honduras,0,no participó,0,0,0,0,0,0,0,0
Honduras,1954,Honduras,0,no participó,0,0,0,0,0,0,0,0
Honduras,1958,Honduras,0,no participó,0,0,0,0,0,0,0,0
Honduras,1962,Honduras,0,no participó,0,0,0,0,0,0,0,0
Honduras,1966,Honduras,0,no participó,0,0,0,0,0,0,0,0
Honduras,1970,Honduras,0,no participó,0,0,0,0,0,0,0,0
Honduras,1974,Honduras,0,no participó,0,0,0,0,0,0,0,0
Honduras,1978,Honduras,0,no participó,0,0,0,0,0,0,0,0
Honduras,1982,Honduras,18,Grupos 1ra Ronda,2,3,0,2,1,2,3,-1
Honduras,1986,Honduras,0,no participó,0,0,0,0,0,0,0,0
Honduras,1990,Honduras,0,no participó,0,0,0,0,0,0,0,0
Honduras,1994,Honduras,0,no participó,0,0,0,0,0,0,0,0
Honduras,1998,Honduras,0,no participó,0,0,0,0,0,0,0,0
Honduras,2002,Honduras,0,no participó,0,0,0,0,0,0,0,0
Honduras,2006,Honduras,0,no participó,0,0,0,0,0,0,0,0
Honduras,2010,Honduras,30,Grupos 1ra Ronda,1,3,0,1,2,0,3,-3
Honduras,2014,Honduras,31,Grupos 1ra Ronda,0,3,0,0,3,1,8,-7
Honduras,2018,Honduras,0,no participó,0,0,0,0,0,0,0,0
Honduras,2022,Honduras,0,no participó,0,0,0,0,0,0,0,0
Hungría,1930,Hungría,0,no participó,0,0,0,0,0,0,0,0
Hungría,1934,Hungría,6,Cuartos de Final,2,2,1,0,1,5,4,1
Hungría,1938,Hungría,2,Final,6,4,3,0,1,15,5,10
Hungría,1950,Hungría,0,no participó,0,0,0,0,0,0,0,0
Hungría,1954,Hungría,2,Final,8,5,4,0,1,27,10,17
Hungría,1958,Hungría,10,Grupos 1ra Ronda,3,4,1,1,2,7,5,2
Hungría,1962,Hungría,5,Cuartos de Final,5,4,2,1,1,8,3,5
Hungría,1966,Hungría,6,Cuartos de Final,4,4,2,0,2,8,7,1
Hungría,1970,Hungría,0,no participó,0,0,0,0,0,0,0,0
Hungría,1974,Hungría,0,no participó,0,0,0,0,0,0,0,0
Hungría,1978,Hungría,15,Grupos 1ra Ronda,0,3,0,0,3,3,8,-5
Hungría,1982,Hungría,14,Grupos 1ra Ronda,3,3,1,1,1,12,6,6
Hungría,1986,Hungría,18,Grupos 1ra Ronda,2,3,1,0,2,2,9,-7
Hungría,1990,Hungría,0,no participó,0,0,0,0,0,0,0,0
Hungría,1994,Hungría,0,no participó,0,0,0,0,0,0,0,0
Hungría,1998,Hungría,0,no participó,0,0,0,0,0,0,0,0
Hungría,2002,Hungría,0,no participó,0,0,0,0,0,0,0,0
Hungría,2006,Hungría,0,no participó,0,0,0,0,0,0,0,0
Hungría,2010,Hungría,0,no participó,0,0,0,0,0,0,0,0
Hungría,2014,Hungría,0,no participó,0,0,0,0,0,0,0,0
Hungría,2018,Hungría,0,no participó,0,0,0,0,0,0,0,0
Hungría,2022,Hungría,0,no participó,0,0,0,0,0,0,0,0
Indonesia,1930,Indias Orientales Holand.,0,no participó,0,0,0,0,0,0,0,0
Indonesia,1934,Indias Orientales Holand.,0,no participó,0,0,0,0,0,0,0,0
Indonesia,1938,Indias Orientales Holand.,15,Octavos de Final,0,1,0,0,1,0,6,-6
Indonesia,1950,Indonesia,0,no participó,0,0,0,0,0,0,0,0
Indonesia,1954,Indonesia,0,no participó,0,0,0,0,0,0,0,0
Indonesia,1958,Indonesia,0,no participó,0,0,0,0,0,0,0,0
Indonesia,1962,Indonesia,0,no participó,0,0,0,0,0,0,0,0
Indonesia,1966,Indonesia,0,no participó,0,0,0,0,0,0,0,0
Indonesia,1970,Indonesia,0,no participó,0,0,0,0,0,0,0,0
Indonesia,1974,Indonesia,0,no participó,0,0,0,0,0,0,0,0
Indonesia,1978,Indonesia,0,no participó,0,0,0,0,0,0,0,0
Indonesia,1982,Indonesia,0,no participó,0,0,0,0,0,0,0,0
Indonesia,1986,Indonesia,0,no participó,0,0,0,0,0,0,0,0
Indonesia,1990,Indonesia,0,no participó,0,0,0,0,0,0,0,0
Indonesia,1994,Indonesia,0,no participó,0,0,0,0,0,0,0,0
Indonesia,1998,Indonesia,0,no participó,0,0,0,0,0,0,0,0
Indonesia,2002,Indonesia,0,no participó,0,0,0,0,0,0,0,0
Indonesia,2006,Indonesia,0,no participó,0,0,0,0,0,0,0,0
Indonesia,2010,Indonesia,0,no participó,0,0,0,0,0,0,0,0
Indonesia,2014,Indonesia,0,no participó,0,0,0,0,0,0,0,0
Indonesia,2018,Indonesia,0,no participó,0,0,0,0,0,0,0,0
Indonesia,2022,Indonesia,0,no participó,0,0,0,0,0,0,0,0
Inglaterra,1930,Inglaterra,0,no participó,0,0,0,0,0,0,0,0
Inglaterra,1934,Inglaterra,0,no participó,0,0,0,0,0,0,0,0
Inglaterra,1938,Inglaterra,0,no participó,0,0,0,0,0,0,0,0
Inglaterra,1950,Inglaterra,8,Grupos 1ra Ronda,2,3,1,0,2,2,2,0
Inglaterra,1954,Inglaterra,7,Cuartos de Final,3,3,1,1,1,8,8,0
Inglaterra,1958,Inglaterra,11,Grupos 1ra Ronda,3,4,0,3,1,4,5,-1
Inglaterra,1962,Inglaterra,8,Cuartos de Final,3,4,1,1,2,5,6,-1
Inglaterra,1966,Inglaterra,1,Final,11,6,5,1,0,11,3,8
Inglaterra,1970,Inglaterra,8,Cuartos de Final,4,4,2,0,2,4,4,0
Inglaterra,1974,Inglaterra,0,no participó,0,0,0,0,0,0,0,0
Inglaterra,1978,Inglaterra,0,no participó,0,0,0,0,0,0,0,0
Inglaterra,1982,Inglaterra,6,Grupos 2da Ronda,8,5,3,2,0,6,1,5
Inglaterra,1986,Inglaterra,8,Cuartos de Final,5,5,2,1,2,7,3,4
Inglaterra,1990,Inglaterra,4,Partido 3er Puesto,9,7,3,3,1,8,6,2
Inglaterra,1994,Inglaterra,0,no participó,0,0,0,0,0,0,0,0
Inglaterra,1998,Inglaterra,9,Octavos de Final,7,4,2,1,1,7,4,3
Inglaterra,2002,Inglaterra,6,Cuartos de Final,8,5,2,2,1,6,3,3
Inglaterra,2006,Inglaterra,7,Cuartos de Final,11,5,3,2,0,6,2,4
Inglaterra,2010,Inglaterra,13,Octavos de Final,5,4,1,2,1,3,5,-2
Inglaterra,2014,Inglaterra,26,Grupos 1ra Ronda,1,3,0,1,2,2,4,-2
Inglaterra,2018,Inglaterra,4,Partido 3er Puesto,10,7,3,1,3,12,8,4
Inglaterra,2022,Inglaterra,6,Cuartos de Final,10,5,3,1,1,13,4,9
Irán,1930,Irán,0,no participó,0,0,0,0,0,0,0,0
Irán,1934,Irán,0,no participó,0,0,0,0,0,0,0,0
Irán,1938,Irán,0,no participó,0,0,0,0,0,0,0,0
Irán,1950,Irán,0,no participó,0,0,0,0,0,0,0,0
Irán,1954,Irán,0,no participó,0,0,0,0,0,0,0,0
Irán,1958,Irán,0,no participó,0,0,0,0,0,0,0,0
Irán,1962,Irán,0,no participó,0,0,0,0,0,0,0,0
Irán,1966,Irán,0,no participó,0,0,0,0,0,0,0,0
Irán,1970,Irán,0,no participó,0,0,0,0,0,0,0,0
Irán,1974,Irán,0,no participó,0,0,0,0,0,0,0,0
Irán,1978,Irán,14,Grupos 1ra Ronda,1,3,0,1,2,2,8,-6
Irán,1982,Irán,0,no participó,0,0,0,0,0,0,0,0
Irán,1986,Irán,0,no participó,0,0,0,0,0,0,0,0
Irán,1990,Irán,0,no participó,0,0,0,0,0,0,0,0
Irán,1994,Irán,0,no participó,0,0,0,0,0,0,0,0
Irán,1998,Irán,20,Grupos 1ra Ronda,3,3,1,0,2,2,4,-2
Irán,2002,Irán,0,no participó,0,0,0,0,0,0,0,0
Irán,2006,Irán,26,Grupos 1ra Ronda,1,3,0,1,2,2,6,-4
Irán,2010,Irán,0,no participó,0,0,0,0,0,0,0,0
Irán,2014,Irán,28,Grupos 1ra Ronda,1,3,0,1,2,1,4,-3
Irán,2018,Irán,18,Grupos 1ra Ronda,4,3,1,1,1,2,2,0
Irán,2022,Irán,26,Grupos 1ra Ronda,3,3,1,0,2,4,7,-3
Iraq,1930,Iraq,0,no participó,0,0,0,0,0,0,0,0
Iraq,1934,Iraq,0,no participó,0,0,0,0,0,0,0,0
Iraq,1938,Iraq,0,no participó,0,0,0,0,0,0,0,0
Iraq,1950,Iraq,0,no participó,0,0,0,0,0,0,0,0
Iraq,1954,Iraq,0,no participó,0,0,0,0,0,0,0,0
Iraq,1958,Iraq,0,no participó,0,0,0,0,0,0,0,0
Iraq,1962,Iraq,0,no participó,0,0,0,0,0,0,0,0
Iraq,1966,Iraq,0,no participó,0,0,0,0,0,0,0,0
Iraq,1970,Iraq,0,no participó,0,0,0,0,0,0,0,0
Iraq,1974,Iraq,0,no participó,0,0,0,0,0,0,0,0
Iraq,1978,Iraq,0,no participó,0,0,0,0,0,0,0,0
Iraq,1982,Iraq,0,no participó,0,0,0,0,0,0,0,0
Iraq,1986,Iraq,23,Grupos 1ra Ronda,0,3,0,0,3,1,4,-3
Iraq,1990,Iraq,0,no participó,0,0,0,0,0,0,0,0
Iraq,1994,Iraq,0,no participó,0,0,0,0,0,0,0,0
Iraq,1998,Iraq,0,no participó,0,0,0,0,0,0,0,0
Iraq,2002,Iraq,0,no participó,0,0,0,0,0,0,0,0
Iraq,2006,Iraq,0,no participó,0,0,0,0,0,0,0,0
Iraq,2010,Iraq,0,no participó,0,0,0,0,0,0,0,0
Iraq,2014,Iraq,0,no participó,0,0,0,0,0,0,0,0
Iraq,2018,Iraq,0,no participó,0,0,0,0,0,0,0,0
Iraq,2022,Iraq,0,no participó,0,0,0,0,0,0,0,0
Irlanda,1930,Irlanda,0,no participó,0,0,0,0,0,0,0,0
Irlanda,1934,Irlanda,0,no participó,0,0,0,0,0,0,0,0
Irlanda,1938,Irlanda,0,no participó,0,0,0,0,0,0,0,0
Irlanda,1950,Irlanda,0,no participó,0,0,0,0,0,0,0,0
Irlanda,1954,Irlanda,0,no participó,0,0,0,0,0,0,0,0
Irlanda,1958,Irlanda,0,no participó,0,0,0,0,0,0,0,0
Irlanda,1962,Irlanda,0,no participó,0,0,0,0,0,0,0,0
Irlanda,1966,Irlanda,0,no participó,0,0,0,0,0,0,0,0
Irlanda,1970,Irlanda,0,no participó,0,0,0,0,0,0,0,0
Irlanda,1974,Irlanda,0,no participó,0,0,0,0,0,0,0,0
Irlanda,1978,Irlanda,0,no participó,0,0,0,0,0,0,0,0
Irlanda,1982,Irlanda,0,no participó,0,0,0,0,0,0,0,0
Irlanda,1986,Irlanda,0,no participó,0,0,0,0,0,0,0,0
Irlanda,1990,Irlanda,8,Cuartos de Final,4,5,0,4,1,2,3,-1
Irlanda,1994,Irlanda,16,Octavos de Final,4,4,1,1,2,2,4,-2
Irlanda,1998,Irlanda,0,no participó,0,0,0,0,0,0,0,0
Irlanda,2002,Irlanda,12,Octavos de Final,6,4,1,3,0,6,3,3
Irlanda,2006,Irlanda,0,no participó,0,0,0,0,0,0,0,0
Irlanda,2010,Irlanda,0,no participó,0,0,0,0,0,0,0,0
Irlanda,2014,Irlanda,0,no participó,0,0,0,0,0,0,0,0
Irlanda,2018,Irlanda,0,no participó,0,0,0,0,0,0,0,0
Irlanda,2022,Irlanda,0,no participó,0,0,0,0,0,0,0,0
Irlanda,1930,Irlanda del Norte,0,no participó,0,0,0,0,0,0,0,0
Irlanda,1934,Irlanda del Norte,0,no participó,0,0,0,0,0,0,0,0
Irlanda,1938,Irlanda del Norte,0,no participó,0,0,0,0,0,0,0,0
Irlanda,1950,Irlanda del Norte,0,no participó,0,0,0,0,0,0,0,0
Irlanda,1954,Irlanda del Norte,0,no participó,0,0,0,0,0,0,0,0
Irlanda,1958,Irlanda del Norte,7,Cuartos de Final,5,5,2,1,2,6,10,-4
Irlanda,1962,Irlanda del Norte,0,no participó,0,0,0,0,0,0,0,0
Irlanda,1966,Irlanda del Norte,0,no participó,0,0,0,0,0,0,0,0
Irlanda,1970,Irlanda del Norte,0,no participó,0,0,0,0,0,0,0,0
Irlanda,1974,Irlanda del Norte,0,no participó,0,0,0,0,0,0,0,0
Irlanda,1978,Irlanda del Norte,0,no participó,0,0,0,0,0,0,0,0
Irlanda,1982,Irlanda del Norte,9,Grupos 2da Ronda,5,5,1,3,1,5,7,-2
Irlanda,1986,Irlanda del Norte,21,Grupos 1ra Ronda,1,3,0,1,2,2,6,-4
Irlanda,1990,Irlanda del Norte,0,no participó,0,0,0,0,0,0,0,0
Irlanda,1994,Irlanda del Norte,0,no participó,0,0,0,0,0,0,0,0
Irlanda,1998,Irlanda del Norte,0,no participó,0,0,0,0,0,0,0,0
Irlanda,2002,Irlanda del Norte,0,no participó,0,0,0,0,0,0,0,0
Irlanda,2006,Irlanda del Norte,0,no participó,0,0,0,0,0,0,0,0
Irlanda,2010,Irlanda del Norte,0,no participó,0,0,0,0,0,0,0,0
Irlanda,2014,Irlanda del Norte,0,no participó,0,0,0,0,0,0,0,0
Irlanda,2018,Irlanda del Norte,0,no participó,0,0,0,0,0,0,0,0
Irlanda,2022,Irlanda del Norte,0,no participó,0,0,0,0,0,0,0,0
Islandia,1930,Islandia,0,no participó,0,0,0,0,0,0,0,0
Islandia,1934,Islandia,0,no participó,0,0,0,0,0,0,0,0
Islandia,1938,Islandia,0,no participó,0,0,0,0,0,0,0,0
Islandia,1950,Islandia,0,no participó,0,0,0,0,0,0,0,0
Islandia,1954,Islandia,0,no participó,0,0,0,0,0,0,0,0
Islandia,1958,Islandia,0,no participó,0,0,0,0,0,0,0,0
Islandia,1962,Islandia,0,no participó,0,0,0,0,0,0,0,0
Islandia,1966,Islandia,0,no participó,0,0,0,0,0,0,0,0
Islandia,1970,Islandia,0,no participó,0,0,0,0,0,0,0,0
Islandia,1974,Islandia,0,no participó,0,0,0,0,0,0,0,0
Islandia,1978,Islandia,0,no participó,0,0,0,0,0,0,0,0
Islandia,1982,Islandia,0,no participó,0,0,0,0,0,0,0,0
Islandia,1986,Islandia,0,no participó,0,0,0,0,0,0,0,0
Islandia,1990,Islandia,0,no participó,0,0,0,0,0,0,0,0
Islandia,1994,Islandia,0,no participó,0,0,0,0,0,0,0,0
Islandia,1998,Islandia,0,no participó,0,0,0,0,0,0,0,0
Islandia,2002,Islandia,0,no participó,0,0,0,0,0,0,0,0
Islandia,2006,Islandia,0,no participó,0,0,0,0,0,0,0,0
Islandia,2010,Islandia,0,no participó,0,0,0,0,0,0,0,0
Islandia,2014,Islandia,0,no participó,0,0,0,0,0,0,0,0
Islandia,2018,Islandia,28,Grupos 1ra Ronda,1,3,0,1,2,2,5,-3
Islandia,2022,Islandia,0,no participó,0,0,0,0,0,0,0,0
Israel,1930,Israel,0,no participó,0,0,0,0,0,0,0,0
Israel,1934,Israel,0,no participó,0,0,0,0,0,0,0,0
Israel,1938,Israel,0,no participó,0,0,0,0,0,0,0,0
Israel,1950,Israel,0,no participó,0,0,0,0,0,0,0,0
Israel,1954,Israel,0,no participó,0,0,0,0,0,0,0,0
Israel,1958,Israel,0,no participó,0,0,0,0,0,0,0,0
Israel,1962,Israel,0,no participó,0,0,0,0,0,0,0,0
Israel,1966,Israel,0,no participó,0,0,0,0,0,0,0,0
Israel,1970,Israel,12,Grupos 1ra Ronda,2,3,0,2,1,1,3,-2
Israel,1974,Israel,0,no participó,0,0,0,0,0,0,0,0
Israel,1978,Israel,0,no participó,0,0,0,0,0,0,0,0
Israel,1982,Israel,0,no participó,0,0,0,0,0,0,0,0
Israel,1986,Israel,0,no participó,0,0,0,0,0,0,0,0
Israel,1990,Israel,0,no participó,0,0,0,0,0,0,0,0
Israel,1994,Israel,0,no participó,0,0,0,0,0,0,0,0
Israel,1998,Israel,0,no participó,0,0,0,0,0,0,0,0
Israel,2002,Israel,0,no participó,0,0,0,0,0,0,0,0
Israel,2006,Israel,0,no participó,0,0,0,0,0,0,0,0
Israel,2010,Israel,0,no participó,0,0,0,0,0,0,0,0
Israel,2014,Israel,0,no participó,0,0,0,0,0,0,0,0
Israel,2018,Israel,0,no participó,0,0,0,0,0,0,0,0
Israel,2022,Israel,0,no participó,0,0,0,0,0,0,0,0
Italia,1930,Italia,0,no participó,0,0,0,0,0,0,0,0
Italia,1934,Italia,1,Final,9,5,4,1,0,12,3,9
Italia,1938,Italia,1,Final,8,4,4,0,0,11,5,6
Italia,1950,Italia,7,Grupos 1ra Ronda,2,2,1,0,1,4,3,1
Italia,1954,Italia,10,Grupos 1ra Ronda,2,3,1,0,2,6,7,-1
Italia,1958,Italia,0,no participó,0,0,0,0,0,0,0,0
Italia,1962,Italia,9,Grupos 1ra Ronda,3,3,1,1,1,3,2,1
Italia,1966,Italia,9,Grupos 1ra Ronda,2,3,1,0,2,2,2,0
Italia,1970,Italia,2,Final,8,6,3,2,1,10,8,2
Italia,1974,Italia,10,Grupos 1ra Ronda,3,3,1,1,1,5,4,1
Italia,1978,Italia,4,Partido 3er Puesto,9,7,4,1,2,9,6,3
Italia,1982,Italia,1,Final,11,7,4,3,0,12,6,6
Italia,1986,Italia,12,Octavos de Final,4,4,1,2,1,5,6,-1
Italia,1990,Italia,3,Partido 3er Puesto,13,7,6,1,0,10,2,8
Italia,1994,Italia,2,Final,14,7,4,2,1,8,5,3
Italia,1998,Italia,5,Cuartos de Final,11,5,3,2,0,8,3,5
Italia,2002,Italia,15,Octavos de Final,4,4,1,1,2,5,5,0
Italia,2006,Italia,1,Final,17,7,5,2,0,12,2,10
Italia,2010,Italia,26,Grupos 1ra Ronda,2,3,0,2,1,4,5,-1
Italia,2014,Italia,22,Grupos 1ra Ronda,3,3,1,0,2,2,3,-1
Italia,2018,Italia,0,no participó,0,0,0,0,0,0,0,0
Italia,2022,Italia,0,no participó,0,0,0,0,0,0,0,0
Jamaica,1930,Jamaica,0,no participó,0,0,0,0,0,0,0,0
Jamaica,1934,Jamaica,0,no participó,0,0,0,0,0,0,0,0
Jamaica,1938,Jamaica,0,no participó,0,0,0,0,0,0,0,0
Jamaica,1950,Jamaica,0,no participó,0,0,0,0,0,0,0,0
Jamaica,1954,Jamaica,0,no participó,0,0,0,0,0,0,0,0
Jamaica,1958,Jamaica,0,no participó,0,0,0,0,0,0,0,0
Jamaica,1962,Jamaica,0,no participó,0,0,0,0,0,0,0,0
Jamaica,1966,Jamaica,0,no participó,0,0,0,0,0,0,0,0
Jamaica,1970,Jamaica,0,no participó,0,0,0,0,0,0,0,0
Jamaica,1974,Jamaica,0,no participó,0,0,0,0,0,0,0,0
Jamaica,1978,Jamaica,0,no participó,0,0,0,0,0,0,0,0
Jamaica,1982,Jamaica,0,no participó,0,0,0,0,0,0,0,0
Jamaica,1986,Jamaica,0,no participó,0,0,0,0,0,0,0,0
Jamaica,1990,Jamaica,0,no participó,0,0,0,0,0,0,0,0
Jamaica,1994,Jamaica,0,no participó,0,0,0,0,0,0,0,0
Jamaica,1998,Jamaica,22,Grupos 1ra Ronda,3,3,1,0,2,3,9,-6
Jamaica,2002,Jamaica,0,no participó,0,0,0,0,0,0,0,0
Jamaica,2006,Jamaica,0,no participó,0,0,0,0,0,0,0,0
Jamaica,2010,Jamaica,0,no participó,0,0,0,0,0,0,0,0
Jamaica,2014,Jamaica,0,no participó,0,0,0,0,0,0,0,0
Jamaica,2018,Jamaica,0,no participó,0,0,0,0,0,0,0,0
Jamaica,2022,Jamaica,0,no participó,0,0,0,0,0,0,0,0
Japón,1930,Japón,0,no participó,0,0,0,0,0,0,0,0
Japón,1934,Japón,0,no participó,0,0,0,0,0,0,0,0
Japón,1938,Japón,0,no participó,0,0,0,0,0,0,0,0
Japón,1950,Japón,0,no participó,0,0,0,0,0,0,0,0
Japón,1954,Japón,0,no participó,0,0,0,0,0,0,0,0
Japón,1958,Japón,0,no participó,0,0,0,0,0,0,0,0
Japón,1962,Japón,0,no participó,0,0,0,0,0,0,0,0
Japón,1966,Japón,0,no participó,0,0,0,0,0,0,0,0
Japón,1970,Japón,0,no participó,0,0,0,0,0,0,0,0
Japón,1974,Japón,0,no participó,0,0,0,0,0,0,0,0
Japón,1978,Japón,0,no participó,0,0,0,0,0,0,0,0
Japón,1982,Japón,0,no participó,0,0,0,0,0,0,0,0
Japón,1986,Japón,0,no participó,0,0,0,0,0,0,0,0
Japón,1990,Japón,0,no participó,0,0,0,0,0,0,0,0
Japón,1994,Japón,0,no participó,0,0,0,0,0,0,0,0
Japón,1998,Japón,31,Grupos 1ra Ronda,0,3,0,0,3,1,4,-3
Japón,2002,Japón,9,Octavos de Final,7,4,2,1,1,5,3,2
Japón,2006,Japón,29,Grupos 1ra Ronda,1,3,0,1,2,2,7,-5
Japón,2010,Japón,9,Octavos de Final,7,4,2,1,1,4,2,2
Japón,2014,Japón,29,Grupos 1ra Ronda,1,3,0,1,2,2,6,-4
Japón,2018,Japón,15,Octavos de Final,4,4,1,1,2,6,7,-1
Japón,2022,Japón,9,Octavos de Final,7,4,2,1,1,5,4,1
Kuwait,1930,Kuwait,0,no participó,0,0,0,0,0,0,0,0
Kuwait,1934,Kuwait,0,no participó,0,0,0,0,0,0,0,0
Kuwait,1938,Kuwait,0,no participó,0,0,0,0,0,0,0,0
Kuwait,1950,Kuwait,0,no participó,0,0,0,0,0,0,0,0
Kuwait,1954,Kuwait,0,no participó,0,0,0,0,0,0,0,0
Kuwait,1958,Kuwait,0,no participó,0,0,0,0,0,0,0,0
Kuwait,1962,Kuwait,0,no participó,0,0,0,0,0,0,0,0
Kuwait,1966,Kuwait,0,no participó,0,0,0,0,0,0,0,0
Kuwait,1970,Kuwait,0,no participó,0,0,0,0,0,0,0,0
Kuwait,1974,Kuwait,0,no participó,0,0,0,0,0,0,0,0
Kuwait,1978,Kuwait,0,no participó,0,0,0,0,0,0,0,0
Kuwait,1982,Kuwait,21,Grupos 1ra Ronda,1,3,0,1,2,2,6,-4
Kuwait,1986,Kuwait,0,no participó,0,0,0,0,0,0,0,0
Kuwait,1990,Kuwait,0,no participó,0,0,0,0,0,0,0,0
Kuwait,1994,Kuwait,0,no participó,0,0,0,0,0,0,0,0
Kuwait,1998,Kuwait,0,no participó,0,0,0,0,0,0,0,0
Kuwait,2002,Kuwait,0,no participó,0,0,0,0,0,0,0,0
Kuwait,2006,Kuwait,0,no participó,0,0,0,0,0,0,0,0
Kuwait,2010,Kuwait,0,no participó,0,0,0,0,0,0,0,0
Kuwait,2014,Kuwait,0,no participó,0,0,0,0,0,0,0,0
Kuwait,2018,Kuwait,0,no participó,0,0,0,0,0,0,0,0
Kuwait,2022,Kuwait,0,no participó,0,0,0,0,0,0,0,0
Marruecos,1930,Marruecos,0,no participó,0,0,0,0,0,0,0,0
Marruecos,1934,Marruecos,0,no participó,0,0,0,0,0,0,0,0
Marruecos,1938,Marruecos,0,no participó,0,0,0,0,0,0,0,0
Marruecos,1950,Marruecos,0,no participó,0,0,0,0,0,0,0,0
Marruecos,1954,Marruecos,0,no participó,0,0,0,0,0,0,0,0
Marruecos,1958,Marruecos,0,no participó,0,0,0,0,0,0,0,0
Marruecos,1962,Marruecos,0,no participó,0,0,0,0,0,0,0,0
Marruecos,1966,Marruecos,0,no participó,0,0,0,0,0,0,0,0
Marruecos,1970,Marruecos,14,Grupos 1ra Ronda,1,3,0,1,2,2,6,-4
Marruecos,1974,Marruecos,0,no participó,0,0,0,0,0,0,0,0
Marruecos,1978,Marruecos,0,no participó,0,0,0,0,0,0,0,0
Marruecos,1982,Marruecos,0,no participó,0,0,0,0,0,0,0,0
Marruecos,1986,Marruecos,11,Octavos de Final,4,4,1,2,1,3,2,1
Marruecos,1990,Marruecos,0,no participó,0,0,0,0,0,0,0,0
Marruecos,1994,Marruecos,23,Grupos 1ra Ronda,0,3,0,0,3,2,5,-3
Marruecos,1998,Marruecos,18,Grupos 1ra Ronda,4,3,1,1,1,5,5,0
Marruecos,2002,Marruecos,0,no participó,0,0,0,0,0,0,0,0
Marruecos,2006,Marruecos,0,no participó,0,0,0,0,0,0,0,0
Marruecos,2010,Marruecos,0,no participó,0,0,0,0,0,0,0,0
Marruecos,2014,Marruecos,0,no participó,0,0,0,0,0,0,0,0
Marruecos,2018,Marruecos,27,Grupos 1ra Ronda,1,3,0,1,2,2,4,-2
Marruecos,2022,Marruecos,4,Partido 3er Puesto,11,7,3,2,2,6,5,1
México,1930,México,13,Grupos 1ra Ronda,0,3,0,0,3,4,13,-9
México,1934,México,0,no participó,0,0,0,0,0,0,0,0
México,1938,México,0,no participó,0,0,0,0,0,0,0,0
México,1950,México,12,Grupos 1ra Ronda,0,3,0,0,3,2,10,-8
México,1954,México,13,Grupos 1ra Ronda,0,2,0,0,2,2,8,-6
México,1958,México,16,Grupos 1ra Ronda,1,3,0,1,2,1,8,-7
México,1962,México,11,Grupos 1ra Ronda,2,3,1,0,2,3,4,-1
México,1966,México,12,Grupos 1ra Ronda,2,3,0,2,1,1,3,-2
México,1970,México,6,Cuartos de Final,5,4,2,1,1,6,4,2
México,1974,México,0,no participó,0,0,0,0,0,0,0,0
México,1978,México,16,Grupos 1ra Ronda,0,3,0,0,3,2,12,-10
México,1982,México,0,no participó,0,0,0,0,0,0,0,0
México,1986,México,6,Cuartos de Final,8,5,3,2,0,6,2,4
México,1990,México,0,no participó,0,0,0,0,0,0,0,0
México,1994,México,13,Octavos de Final,5,4,1,2,1,4,4,0
México,1998,México,13,Octavos de Final,5,4,1,2,1,8,7,1
México,2002,México,11,Octavos de Final,7,4,2,1,1,4,4,0
México,2006,México,15,Octavos de Final,4,4,1,1,2,5,5,0
México,2010,México,14,Octavos de Final,4,4,1,1,2,4,5,-1
México,2014,México,10,Octavos de Final,7,4,2,1,1,5,3,2
México,2018,México,12,Octavos de Final,6,4,2,0,2,3,6,-3
México,2022,México,22,Grupos 1ra Ronda,4,3,1,1,1,2,3,-1
Nigeria,1930,Nigeria,0,no participó,0,0,0,0,0,0,0,0
Nigeria,1934,Nigeria,0,no participó,0,0,0,0,0,0,0,0
Nigeria,1938,Nigeria,0,no participó,0,0,0,0,0,0,0,0
Nigeria,1950,Nigeria,0,no participó,0,0,0,0,0,0,0,0
Nigeria,1954,Nigeria,0,no participó,0,0,0,0,0,0,0,0
Nigeria,1958,Nigeria,0,no participó,0,0,0,0,0,0,0,0
Nigeria,1962,Nigeria,0,no participó,0,0,0,0,0,0,0,0
Nigeria,1966,Nigeria,0,no participó,0,0,0,0,0,0,0,0
Nigeria,1970,Nigeria,0,no participó,0,0,0,0,0,0,0,0
Nigeria,1974,Nigeria,0,no participó,0,0,0,0,0,0,0,0
Nigeria,1978,Nigeria,0,no participó,0,0,0,0,0,0,0,0
Nigeria,1982,Nigeria,0,no participó,0,0,0,0,0,0,0,0
Nigeria,1986,Nigeria,0,no participó,0,0,0,0,0,0,0,0
Nigeria,1990,Nigeria,0,no participó,0,0,0,0,0,0,0,0
Nigeria,1994,Nigeria,9,Octavos de Final,6,4,2,0,2,7,4,3
Nigeria,1998,Nigeria,12,Octavos de Final,6,4,2,0,2,6,9,-3
Nigeria,2002,Nigeria,27,Grupos 1ra Ronda,1,3,0,1,2,1,3,-2
Nigeria,2006,Nigeria,0,no participó,0,0,0,0,0,0,0,0
Nigeria,2010,Nigeria,27,Grupos 1ra Ronda,1,3,0,1,2,3,5,-2
Nigeria,2014,Nigeria,16,Octavos de Final,4,4,1,1,2,3,5,-2
Nigeria,2018,Nigeria,21,Grupos 1ra Ronda,3,3,1,0,2,3,4,-1
Nigeria,2022,Nigeria,0,no participó,0,0,0,0,0,0,0,0
Noruega,1930,Noruega,0,no participó,0,0,0,0,0,0,0,0
Noruega,1934,Noruega,0,no participó,0,0,0,0,0,0,0,0
Noruega,1938,Noruega,12,Octavos de Final,0,1,0,0,1,1,2,-1
Noruega,1950,Noruega,0,no participó,0,0,0,0,0,0,0,0
Noruega,1954,Noruega,0,no participó,0,0,0,0,0,0,0,0
Noruega,1958,Noruega,0,no participó,0,0,0,0,0,0,0,0
Noruega,1962,Noruega,0,no participó,0,0,0,0,0,0,0,0
Noruega,1966,Noruega,0,no participó,0,0,0,0,0,0,0,0
Noruega,1970,Noruega,0,no participó,0,0,0,0,0,0,0,0
Noruega,1974,Noruega,0,no participó,0,0,0,0,0,0,0,0
Noruega,1978,Noruega,0,no participó,0,0,0,0,0,0,0,0
Noruega,1982,Noruega,0,no participó,0,0,0,0,0,0,0,0
Noruega,1986,Noruega,0,no participó,0,0,0,0,0,0,0,0
Noruega,1990,Noruega,0,no participó,0,0,0,0,0,0,0,0
Noruega,1994,Noruega,17,Grupos 1ra Ronda,4,3,1,1,1,1,1,0
Noruega,1998,Noruega,15,Octavos de Final,5,4,1,2,1,5,5,0
Noruega,2002,Noruega,0,no participó,0,0,0,0,0,0,0,0
Noruega,2006,Noruega,0,no participó,0,0,0,0,0,0,0,0
Noruega,2010,Noruega,0,no participó,0,0,0,0,0,0,0,0
Noruega,2014,Noruega,0,no participó,0,0,0,0,0,0,0,0
Noruega,2018,Noruega,0,no participó,0,0,0,0,0,0,0,0
Noruega,2022,Noruega,0,no participó,0,0,0,0,0,0,0,0
Nueva,1930,Nueva Zelanda,0,no participó,0,0,0,0,0,0,0,0
Nueva,1934,Nueva Zelanda,0,no participó,0,0,0,0,0,0,0,0
Nueva,1938,Nueva Zelanda,0,no participó,0,0,0,0,0,0,0,0
Nueva,1950,Nueva Zelanda,0,no participó,0,0,0,0,0,0,0,0
Nueva,1954,Nueva Zelanda,0,no participó,0,0,0,0,0,0,0,0
Nueva,1958,Nueva Zelanda,0,no participó,0,0,0,0,0,0,0,0
Nueva,1962,Nueva Zelanda,0,no participó,0,0,0,0,0,0,0,0
Nueva,1966,Nueva Zelanda,0,no participó,0,0,0,0,0,0,0,0
Nueva,1970,Nueva Zelanda,0,no participó,0,0,0,0,0,0,0,0
Nueva,1974,Nueva Zelanda,0,no participó,0,0,0,0,0,0,0,0
Nueva,1978,Nueva Zelanda,0,no participó,0,0,0,0,0,0,0,0
Nueva,1982,Nueva Zelanda,23,Grupos 1ra Ronda,0,3,0,0,3,2,12,-10
Nueva,1986,Nueva Zelanda,0,no participó,0,0,0,0,0,0,0,0
Nueva,1990,Nueva Zelanda,0,no participó,0,0,0,0,0,0,0,0
Nueva,1994,Nueva Zelanda,0,no participó,0,0,0,0,0,0,0,0
Nueva,1998,Nueva Zelanda,0,no participó,0,0,0,0,0,0,0,0
Nueva,2002,Nueva Zelanda,0,no participó,0,0,0,0,0,0,0,0
Nueva,2006,Nueva Zelanda,0,no participó,0,0,0,0,0,0,0,0
Nueva,2010,Nueva Zelanda,22,Grupos 1ra Ronda,3,3,0,3,0,2,2,0
Nueva,2014,Nueva Zelanda,0,no participó,0,0,0,0,0,0,0,0
Nueva,2018,Nueva Zelanda,0,no participó,0,0,0,0,0,0,0,0
Nueva,2022,Nueva Zelanda,0,no participó,0,0,0,0,0,0,0,0
Panamá,1930,Panamá,0,no participó,0,0,0,0,0,0,0,0
Panamá,1934,Panamá,0,no participó,0,0,0,0,0,0,0,0
Panamá,1938,Panamá,0,no participó,0,0,0,0,0,0,0,0
Panamá,1950,Panamá,0,no participó,0,0,0,0,0,0,0,0
Panamá,1954,Panamá,0,no participó,0,0,0,0,0,0,0,0
Panamá,1958,Panamá,0,no participó,0,0,0,0,0,0,0,0
Panamá,1962,Panamá,0,no participó,0,0,0,0,0,0,0,0
Panamá,1966,Panamá,0,no participó,0,0,0,0,0,0,0,0
Panamá,1970,Panamá,0,no participó,0,0,0,0,0,0,0,0
Panamá,1974,Panamá,0,no participó,0,0,0,0,0,0,0,0
Panamá,1978,Panamá,0,no participó,0,0,0,0,0,0,0,0
Panamá,1982,Panamá,0,no participó,0,0,0,0,0,0,0,0
Panamá,1986,Panamá,0,no participó,0,0,0,0,0,0,0,0
Panamá,1990,Panamá,0,no participó,0,0,0,0,0,0,0,0
Panamá,1994,Panamá,0,no participó,0,0,0,0,0,0,0,0
Panamá,1998,Panamá,0,no participó,0,0,0,0,0,0,0,0
Panamá,2002,Panamá,0,no participó,0,0,0,0,0,0,0,0
Panamá,2006,Panamá,0,no participó,0,0,0,0,0,0,0,0
Panamá,2010,Panamá,0,no participó,0,0,0,0,0,0,0,0
Panamá,2014,Panamá,0,no participó,0,0,0,0,0,0,0,0
Panamá,2018,Panamá,32,Grupos 1ra Ronda,0,3,0,0,3,2,11,-9
Panamá,2022,Panamá,0,no participó,0,0,0,0,0,0,0,0
Paraguay,1930,Paraguay,9,Grupos 1ra Ronda,2,2,1,0,1,1,3,-2
Paraguay,1934,Paraguay,0,no participó,0,0,0,0,0,0,0,0
Paraguay,1938,Paraguay,0,no participó,0,0,0,0,0,0,0,0
Paraguay,1950,Paraguay,11,Grupos 1ra Ronda,1,2,0,1,1,2,4,-2
Paraguay,1954,Paraguay,0,no participó,0,0,0,0,0,0,0,0
Paraguay,1958,Paraguay,12,Grupos 1ra Ronda,3,3,1,1,1,9,12,-3
Paraguay,1962,Paraguay,0,no participó,0,0,0,0,0,0,0,0
Paraguay,1966,Paraguay,0,no participó,0,0,0,0,0,0,0,0
Paraguay,1970,Paraguay,0,no participó,0,0,0,0,0,0,0,0
Paraguay,1974,Paraguay,0,no participó,0,0,0,0,0,0,0,0
Paraguay,1978,Paraguay,0,no participó,0,0,0,0,0,0,0,0
Paraguay,1982,Paraguay,0,no participó,0,0,0,0,0,0,0,0
Paraguay,1986,Paraguay,13,Octavos de Final,4,4,1,2,1,4,6,-2
Paraguay,1990,Paraguay,0,no participó,0,0,0,0,0,0,0,0
Paraguay,1994,Paraguay,0,no participó,0,0,0,0,0,0,0,0
Paraguay,1998,Paraguay,14,Octavos de Final,5,4,1,2,1,3,2,1
Paraguay,2002,Paraguay,16,Octavos de Final,4,4,1,1,2,6,7,-1
Paraguay,2006,Paraguay,18,Grupos 1ra Ronda,3,3,1,0,2,2,2,0
Paraguay,2010,Paraguay,8,Cuartos de Final,6,5,1,3,1,3,2,1
Paraguay,2014,Paraguay,0,no participó,0,0,0,0,0,0,0,0
Paraguay,2018,Paraguay,0,no participó,0,0,0,0,0,0,0,0
Paraguay,2022,Paraguay,0,no participó,0,0,0,0,0,0,0,0
Perú,1930,Perú,10,Grupos 1ra Ronda,0,2,0,0,2,1,4,-3
Perú,1934,Perú,0,no participó,0,0,0,0,0,0,0,0
Perú,1938,Perú,0,no participó,0,0,0,0,0,0,0,0
Perú,1950,Perú,0,no participó,0,0,0,0,0,0,0,0
Perú,1954,Perú,0,no participó,0,0,0,0,0,0,0,0
Perú,1958,Perú,0,no participó,0,0,0,0,0,0,0,0
Perú,1962,Perú,0,no participó,0,0,0,0,0,0,0,0
Perú,1966,Perú,0,no participó,0,0,0,0,0,0,0,0
Perú,1970,Perú,7,Cuartos de Final,4,4,2,0,2,9,9,0
Perú,1974,Perú,0,no participó,0,0,0,0,0,0,0,0
Perú,1978,Perú,8,Grupos 2da Ronda,5,6,2,1,3,7,12,-5
Perú,1982,Perú,20,Grupos 1ra Ronda,2,3,0,2,1,2,6,-4
Perú,1986,Perú,0,no participó,0,0,0,0,0,0,0,0
Perú,1990,Perú,0,no participó,0,0,0,0,0,0,0,0
Perú,1994,Perú,0,no participó,0,0,0,0,0,0,0,0
Perú,1998,Perú,0,no participó,0,0,0,0,0,0,0,0
Perú,2002,Perú,0,no participó,0,0,0,0,0,0,0,0
Perú,2006,Perú,0,no participó,0,0,0,0,0,0,0,0
Perú,2010,Perú,0,no participó,0,0,0,0,0,0,0,0
Perú,2014,Perú,0,no participó,0,0,0,0,0,0,0,0
Perú,2018,Perú,20,Grupos 1ra Ronda,3,3,1,0,2,2,2,0
Perú,2022,Perú,0,no participó,0,0,0,0,0,0,0,0
Polonia,1930,Polonia,0,no participó,0,0,0,0,0,0,0,0
Polonia,1934,Polonia,0,no participó,0,0,0,0,0,0,0,0
Polonia,1938,Polonia,11,Octavos de Final,0,1,0,0,1,5,6,-1
Polonia,1950,Polonia,0,no participó,0,0,0,0,0,0,0,0
Polonia,1954,Polonia,0,no participó,0,0,0,0,0,0,0,0
Polonia,1958,Polonia,0,no participó,0,0,0,0,0,0,0,0
Polonia,1962,Polonia,0,no participó,0,0,0,0,0,0,0,0
Polonia,1966,Polonia,0,no participó,0,0,0,0,0,0,0,0
Polonia,1970,Polonia,0,no participó,0,0,0,0,0,0,0,0
Polonia,1974,Polonia,3,Partido 3er Puesto,12,7,6,0,1,16,5,11
Polonia,1978,Polonia,5,Grupos 2da Ronda,7,6,3,1,2,6,6,0
Polonia,1982,Polonia,3,Partido 3er Puesto,9,7,3,3,1,11,5,6
Polonia,1986,Polonia,14,Octavos de Final,3,4,1,1,2,1,7,-6
Polonia,1990,Polonia,0,no participó,0,0,0,0,0,0,0,0
Polonia,1994,Polonia,0,no participó,0,0,0,0,0,0,0,0
Polonia,1998,Polonia,0,no participó,0,0,0,0,0,0,0,0
Polonia,2002,Polonia,25,Grupos 1ra Ronda,3,3,1,0,2,3,7,-4
Polonia,2006,Polonia,21,Grupos 1ra Ronda,3,3,1,0,2,2,4,-2
Polonia,2010,Polonia,0,no participó,0,0,0,0,0,0,0,0
Polonia,2014,Polonia,0,no participó,0,0,0,0,0,0,0,0
Polonia,2018,Polonia,25,Grupos 1ra Ronda,3,3,1,0,2,2,5,-3
Polonia,2022,Polonia,15,Octavos de Final,4,4,1,1,2,3,5,-2
Portugal,1930,Portugal,0,no participó,0,0,0,0,0,0,0,0
Portugal,1934,Portugal,0,no participó,0,0,0,0,0,0,0,0
Portugal,1938,Portugal,0,no participó,0,0,0,0,0,0,0,0
Portugal,1950,Portugal,0,no participó,0,0,0,0,0,0,0,0
Portugal,1954,Portugal,0,no participó,0,0,0,0,0,0,0,0
Portugal,1958,Portugal,0,no participó,0,0,0,0,0,0,0,0
Portugal,1962,Portugal,0,no participó,0,0,0,0,0,0,0,0
Portugal,1966,Portugal,3,Partido 3er Puesto,10,6,5,0,1,17,8,9
Portugal,1970,Portugal,0,no participó,0,0,0,0,0,0,0,0
Portugal,1974,Portugal,0,no participó,0,0,0,0,0,0,0,0
Portugal,1978,Portugal,0,no participó,0,0,0,0,0,0,0,0
Portugal,1982,Portugal,0,no participó,0,0,0,0,0,0,0,0
Portugal,1986,Portugal,17,Grupos 1ra Ronda,2,3,1,0,2,2,4,-2
Portugal,1990,Portugal,0,no participó,0,0,0,0,0,0,0,0
Portugal,1994,Portugal,0,no participó,0,0,0,0,0,0,0,0
Portugal,1998,Portugal,0,no participó,0,0,0,0,0,0,0,0
Portugal,2002,Portugal,21,Grupos 1ra Ronda,3,3,1,0,2,6,4,2
Portugal,2006,Portugal,4,Partido 3er Puesto,13,7,4,1,2,7,5,2
Portugal,2010,Portugal,11,Octavos de Final,5,4,1,2,1,7,1,6
Portugal,2014,Portugal,18,Grupos 1ra Ronda,4,3,1,1,1,4,7,-3
Portugal,2018,Portugal,13,Octavos de Final,5,4,1,2,1,6,6,0
Portugal,2022,Portugal,8,Cuartos de Final,9,5,3,0,2,12,6,6
RD,1930,Zaire,0,no participó,0,0,0,0,0,0,0,0
RD,1934,Zaire,0,no participó,0,0,0,0,0,0,0,0
RD,1938,Zaire,0,no participó,0,0,0,0,0,0,0,0
RD,1950,Zaire,0,no participó,0,0,0,0,0,0,0,0
RD,1954,Zaire,0,no participó,0,0,0,0,0,0,0,0
RD,1958,Zaire,0,no participó,0,0,0,0,0,0,0,0
RD,1962,Zaire,0,no participó,0,0,0,0,0,0,0,0
RD,1966,Zaire,0,no participó,0,0,0,0,0,0,0,0
RD,1970,Zaire,0,no participó,0,0,0,0,0,0,0,0
RD,1974,Zaire,16,Grupos 1ra Ronda,0,3,0,0,3,0,14,-14
RD,1978,Zaire,0,no participó,0,0,0,0,0,0,0,0
RD,1982,Zaire,0,no participó,0,0,0,0,0,0,0,0
RD,1986,Zaire,0,no participó,0,0,0,0,0,0,0,0
RD,1990,Zaire,0,no participó,0,0,0,0,0,0,0,0
RD,1994,Zaire,0,no participó,0,0,0,0,0,0,0,0
RD,1998,RD Congo,0,no participó,0,0,0,0,0,0,0,0
RD,2002,RD Congo,0,no participó,0,0,0,0,0,0,0,0
RD,2006,RD Congo,0,no participó,0,0,0,0,0,0,0,0
RD,2010,RD Congo,0,no participó,0,0,0,0,0,0,0,0
RD,2014,RD Congo,0,no participó,0,0,0,0,0,0,0,0
RD,2018,RD Congo,0,no participó,0,0,0,0,0,0,0,0
RD,2022,RD Congo,0,no participó,0,0,0,0,0,0,0,0
República,1930,Checoslovaquia,0,no participó,0,0,0,0,0,0,0,0
República,1934,Checoslovaquia,2,Final,6,4,3,0,1,9,6,3
República,1938,Checoslovaquia,5,Cuartos de Final,3,3,1,1,1,5,3,2
República,1950,Checoslovaquia,0,no participó,0,0,0,0,0,0,0,0
República,1954,Checoslovaquia,14,Grupos 1ra Ronda,0,2,0,0,2,0,7,-7
República,1958,Checoslovaquia,9,Grupos 1ra Ronda,3,4,1,1,2,9,6,3
República,1962,Checoslovaquia,2,Final,7,6,3,1,2,7,7,0
República,1966,Checoslovaquia,0,no participó,0,0,0,0,0,0,0,0
República,1970,Checoslovaquia,15,Grupos 1ra Ronda,0,3,0,0,3,2,7,-5
República,1974,Checoslovaquia,0,no participó,0,0,0,0,0,0,0,0
República,1978,Checoslovaquia,0,no participó,0,0,0,0,0,0,0,0
República,1982,Checoslovaquia,19,Grupos 1ra Ronda,2,3,0,2,1,2,4,-2
República,1986,Checoslovaquia,0,no participó,0,0,0,0,0,0,0,0
República,1990,Checoslovaquia,6,Cuartos de Final,6,5,3,0,2,10,5,5
República,1994,Checoslovaquia,0,no participó,0,0,0,0,0,0,0,0
República,1998,República Checa,0,no participó,0,0,0,0,0,0,0,0
República,2002,República Checa,0,no participó,0,0,0,0,0,0,0,0
República,2006,República Checa,20,Grupos 1ra Ronda,3,3,1,0,2,3,4,-1
República,2010,República Checa,0,no participó,0,0,0,0,0,0,0,0
República,2014,República Checa,0,no participó,0,0,0,0,0,0,0,0
República,2018,República Checa,0,no participó,0,0,0,0,0,0,0,0
República,2022,República Checa,0,no participó,0,0,0,0,0,0,0,0
Rumania,1930,Rumania,8,Grupos 1ra Ronda,2,2,1,0,1,3,5,-2
Rumania,1934,Rumania,12,Octavos de Final,0,1,0,0,1,1,2,-1
Rumania,1938,Rumania,9,Octavos de Final,1,2,0,1,1,4,5,-1
Rumania,1950,Rumania,0,no participó,0,0,0,0,0,0,0,0
Rumania,1954,Rumania,0,no participó,0,0,0,0,0,0,0,0
Rumania,1958,Rumania,0,no participó,0,0,0,0,0,0,0,0
Rumania,1962,Rumania,0,no participó,0,0,0,0,0,0,0,0
Rumania,1966,Rumania,0,no participó,0,0,0,0,0,0,0,0
Rumania,1970,Rumania,10,Grupos 1ra Ronda,2,3,1,0,2,4,5,-1
Rumania,1974,Rumania,0,no participó,0,0,0,0,0,0,0,0
Rumania,1978,Rumania,0,no participó,0,0,0,0,0,0,0,0
Rumania,1982,Rumania,0,no participó,0,0,0,0,0,0,0,0
Rumania,1986,Rumania,0,no participó,0,0,0,0,0,0,0,0
Rumania,1990,Rumania,12,Octavos de Final,4,4,1,2,1,4,3,1
Rumania,1994,Rumania,6,Cuartos de Final,10,5,3,1,1,10,9,1
Rumania,1998,Rumania,11,Octavos de Final,7,4,2,1,1,4,3,1
Rumania,2002,Rumania,0,no participó,0,0,0,0,0,0,0,0
Rumania,2006,Rumania,0,no participó,0,0,0,0,0,0,0,0
Rumania,2010,Rumania,0,no participó,0,0,0,0,0,0,0,0
Rumania,2014,Rumania,0,no participó,0,0,0,0,0,0,0,0
Rumania,2018,Rumania,0,no participó,0,0,0,0,0,0,0,0
Rumania,2022,Rumania,0,no participó,0,0,0,0,0,0,0,0
Rusia,1930,URSS,0,no participó,0,0,0,0,0,0,0,0
Rusia,1934,URSS,0,no participó,0,0,0,0,0,0,0,0
Rusia,1938,URSS,0,no participó,0,0,0,0,0,0,0,0
Rusia,1950,URSS,0,no participó,0,0,0,0,0,0,0,0
Rusia,1954,URSS,0,no participó,0,0,0,0,0,0,0,0
Rusia,1958,URSS,6,Cuartos de Final,5,5,2,1,2,5,6,-1
Rusia,1962,URSS,6,Cuartos de Final,5,4,2,1,1,9,7,2
Rusia,1966,URSS,4,Partido 3er Puesto,8,6,4,0,2,10,6,4
Rusia,1970,URSS,5,Cuartos de Final,5,4,2,1,1,6,2,4
Rusia,1974,URSS,0,no participó,0,0,0,0,0,0,0,0
Rusia,1978,URSS,0,no participó,0,0,0,0,0,0,0,0
Rusia,1982,URSS,7,Grupos 2da Ronda,6,5,2,2,1,7,4,3
Rusia,1986,URSS,10,Octavos de Final,5,4,2,1,1,12,5,7
Rusia,1990,URSS,17,Grupos 1ra Ronda,2,3,1,0,2,4,4,0
Rusia,1994,Rusia,18,Grupos 1ra Ronda,3,3,1,0,2,7,6,1
Rusia,1998,Rusia,0,no participó,0,0,0,0,0,0,0,0
Rusia,2002,Rusia,22,Grupos 1ra Ronda,3,3,1,0,2,4,4,0
Rusia,2006,Rusia,0,no participó,0,0,0,0,0,0,0,0
Rusia,2010,Rusia,0,no participó,0,0,0,0,0,0,0,0
Rusia,2014,Rusia,24,Grupos 1ra Ronda,2,3,0,2,1,2,3,-1
Rusia,2018,Rusia,8,Cuartos de Final,8,5,2,2,1,11,7,4
Rusia,2022,Rusia,0,no participó,0,0,0,0,0,0,0,0
Senegal,1930,Senegal,0,no participó,0,0,0,0,0,0,0,0
Senegal,1934,Senegal,0,no participó,0,0,0,0,0,0,0,0
Senegal,1938,Senegal,0,no participó,0,0,0,0,0,0,0,0
Senegal,1950,Senegal,0,no participó,0,0,0,0,0,0,0,0
Senegal,1954,Senegal,0,no participó,0,0,0,0,0,0,0,0
Senegal,1958,Senegal,0,no participó,0,0,0,0,0,0,0,0
Senegal,1962,Senegal,0,no participó,0,0,0,0,0,0,0,0
Senegal,1966,Senegal,0,no participó,0,0,0,0,0,0,0,0
Senegal,1970,Senegal,0,no participó,0,0,0,0,0,0,0,0
Senegal,1974,Senegal,0,no participó,0,0,0,0,0,0,0,0
Senegal,1978,Senegal,0,no participó,0,0,0,0,0,0,0,0
Senegal,1982,Senegal,0,no participó,0,0,0,0,0,0,0,0
Senegal,1986,Senegal,0,no participó,0,0,0,0,0,0,0,0
Senegal,1990,Senegal,0,no participó,0,0,0,0,0,0,0,0
Senegal,1994,Senegal,0,no participó,0,0,0,0,0,0,0,0
Senegal,1998,Senegal,0,no participó,0,0,0,0,0,0,0,0
Senegal,2002,Senegal,7,Cuartos de Final,8,5,2,2,1,7,6,1
Senegal,2006,Senegal,0,no participó,0,0,0,0,0,0,0,0
Senegal,2010,Senegal,0,no participó,0,0,0,0,0,0,0,0
Senegal,2014,Senegal,0,no participó,0,0,0,0,0,0,0,0
Senegal,2018,Senegal,17,Grupos 1ra Ronda,4,3,1,1,1,4,4,0
Senegal,2022,Senegal,10,Octavos de Final,6,4,2,0,2,5,7,-2
Serbia,1930,Yugoslavia,4,Partido 3er Puesto,4,3,2,0,1,7,7,0
Serbia,1934,Yugoslavia,0,no participó,0,0,0,0,0,0,0,0
Serbia,1938,Yugoslavia,0,no participó,0,0,0,0,0,0,0,0
Serbia,1950,Yugoslavia,5,Grupos 1ra Ronda,4,3,2,0,1,7,3,4
Serbia,1954,Yugoslavia,8,Cuartos de Final,3,3,1,1,1,2,3,-1
Serbia,1958,Yugoslavia,8,Cuartos de Final,4,4,1,2,1,7,7,0
Serbia,1962,Yugoslavia,4,Partido 3er Puesto,6,6,3,0,3,10,7,3
Serbia,1966,Yugoslavia,0,no participó,0,0,0,0,0,0,0,0
Serbia,1970,Yugoslavia,0,no participó,0,0,0,0,0,0,0,0
Serbia,1974,Yugoslavia,7,Grupos 2da Ronda,4,6,1,2,3,12,7,5
Serbia,1978,Yugoslavia,0,no participó,0,0,0,0,0,0,0,0
Serbia,1982,Yugoslavia,16,Grupos 1ra Ronda,3,3,1,1,1,2,2,0
Serbia,1986,Yugoslavia,0,no participó,0,0,0,0,0,0,0,0
Serbia,1990,Yugoslavia,5,Cuartos de Final,7,5,3,1,1,8,6,2
Serbia,1994,RF de Yugoslavia,0,no participó,0,0,0,0,0,0,0,0
Serbia,1998,RF de Yugoslavia,10,Octavos de Final,7,4,2,1,1,5,4,1
Serbia,2002,RF de Yugoslavia,0,no participó,0,0,0,0,0,0,0,0
Serbia,2006,Serbia y Montenegro,32,Grupos 1ra Ronda,0,3,0,0,3,2,10,-8
Serbia,2010,Serbia,23,Grupos 1ra Ronda,3,3,1,0,2,2,3,-1
Serbia,2014,Serbia,0,no participó,0,0,0,0,0,0,0,0
Serbia,2018,Serbia,23,Grupos 1ra Ronda,3,3,1,0,2,2,4,-2
Serbia,2022,Serbia,29,Grupos 1ra Ronda,1,3,0,1,2,5,8,-3
Sudáfrica,1930,Sudáfrica,0,no participó,0,0,0,0,0,0,0,0
Sudáfrica,1934,Sudáfrica,0,no participó,0,0,0,0,0,0,0,0
Sudáfrica,1938,Sudáfrica,0,no participó,0,0,0,0,0,0,0,0
Sudáfrica,1950,Sudáfrica,0,no participó,0,0,0,0,0,0,0,0
Sudáfrica,1954,Sudáfrica,0,no participó,0,0,0,0,0,0,0,0
Sudáfrica,1958,Sudáfrica,0,no participó,0,0,0,0,0,0,0,0
Sudáfrica,1962,Sudáfrica,0,no participó,0,0,0,0,0,0,0,0
Sudáfrica,1966,Sudáfrica,0,no participó,0,0,0,0,0,0,0,0
Sudáfrica,1970,Sudáfrica,0,no participó,0,0,0,0,0,0,0,0
Sudáfrica,1974,Sudáfrica,0,no participó,0,0,0,0,0,0,0,0
Sudáfrica,1978,Sudáfrica,0,no participó,0,0,0,0,0,0,0,0
Sudáfrica,1982,Sudáfrica,0,no participó,0,0,0,0,0,0,0,0
Sudáfrica,1986,Sudáfrica,0,no participó,0,0,0,0,0,0,0,0
Sudáfrica,1990,Sudáfrica,0,no participó,0,0,0,0,0,0,0,0
Sudáfrica,1994,Sudáfrica,0,no participó,0,0,0,0,0,0,0,0
Sudáfrica,1998,Sudáfrica,24,Grupos 1ra Ronda,2,3,0,2,1,3,6,-3
Sudáfrica,2002,Sudáfrica,17,Grupos 1ra Ronda,4,3,1,1,1,5,5,0
Sudáfrica,2006,Sudáfrica,0,no participó,0,0,0,0,0,0,0,0
Sudáfrica,2010,Sudáfrica,20,Grupos 1ra Ronda,4,3,1,1,1,3,5,-2
Sudáfrica,2014,Sudáfrica,0,no participó,0,0,0,0,0,0,0,0
Sudáfrica,2018,Sudáfrica,0,no participó,0,0,0,0,0,0,0,0
Sudáfrica,2022,Sudáfrica,0,no participó,0,0,0,0,0,0,0,0
Suecia,1930,Suecia,0,no participó,0,0,0,0,0,0,0,0
Suecia,1934,Suecia,8,Cuartos de Final,2,2,1,0,1,4,4,0
Suecia,1938,Suecia,4,Partido 3er Puesto,2,3,1,0,2,11,9,2
Suecia,1950,Suecia,3,Ronda Final,5,5,2,1,2,11,15,-4
Suecia,1954,Suecia,0,no participó,0,0,0,0,0,0,0,0
Suecia,1958,Suecia,2,Final,9,6,4,1,1,12,7,5
Suecia,1962,Suecia,0,no participó,0,0,0,0,0,0,0,0
Suecia,1966,Suecia,0,no participó,0,0,0,0,0,0,0,0
Suecia,1970,Suecia,9,Grupos 1ra Ronda,3,3,1,1,1,2,2,0
Suecia,1974,Suecia,5,Grupos 2da Ronda,6,6,2,2,2,7,6,1
Suecia,1978,Suecia,13,Grupos 1ra Ronda,1,3,0,1,2,1,3,-2
Suecia,1982,Suecia,0,no participó,0,0,0,0,0,0,0,0
Suecia,1986,Suecia,0,no participó,0,0,0,0,0,0,0,0
Suecia,1990,Suecia,21,Grupos 1ra Ronda,0,3,0,0,3,3,6,-3
Suecia,1994,Suecia,3,Partido 3er Puesto,12,7,3,3,1,15,8,7
Suecia,1998,Suecia,0,no participó,0,0,0,0,0,0,0,0
Suecia,2002,Suecia,13,Octavos de Final,5,4,1,2,1,5,5,0
Suecia,2006,Suecia,14,Octavos de Final,5,4,1,2,1,3,4,-1
Suecia,2010,Suecia,0,no participó,0,0,0,0,0,0,0,0
Suecia,2014,Suecia,0,no participó,0,0,0,0,0,0,0,0
Suecia,2018,Suecia,7,Cuartos de Final,9,5,3,0,2,6,4,2
Suecia,2022,Suecia,0,no participó,0,0,0,0,0,0,0,0
Suiza,1930,Suiza,0,no participó,0,0,0,0,0,0,0,0
Suiza,1934,Suiza,7,Cuartos de Final,2,2,1,0,1,5,5,0
Suiza,1938,Suiza,6,Cuartos de Final,3,3,1,1,1,5,5,0
Suiza,1950,Suiza,6,Grupos 1ra Ronda,3,3,1,1,1,4,6,-2
Suiza,1954,Suiza,5,Cuartos de Final,4,4,2,0,2,11,11,0
Suiza,1958,Suiza,0,no participó,0,0,0,0,0,0,0,0
Suiza,1962,Suiza,16,Grupos 1ra Ronda,0,3,0,0,3,2,8,-6
Suiza,1966,Suiza,16,Grupos 1ra Ronda,0,3,0,0,3,1,9,-8
Suiza,1970,Suiza,0,no participó,0,0,0,0,0,0,0,0
Suiza,1974,Suiza,0,no participó,0,0,0,0,0,0,0,0
Suiza,1978,Suiza,0,no participó,0,0,0,0,0,0,0,0
Suiza,1982,Suiza,0,no participó,0,0,0,0,0,0,0,0
Suiza,1986,Suiza,0,no participó,0,0,0,0,0,0,0,0
Suiza,1990,Suiza,0,no participó,0,0,0,0,0,0,0,0
Suiza,1994,Suiza,15,Octavos de Final,4,4,1,1,2,5,7,-2
Suiza,1998,Suiza,0,no participó,0,0,0,0,0,0,0,0
Suiza,2002,Suiza,0,no participó,0,0,0,0,0,0,0,0
Suiza,2006,Suiza,10,Octavos de Final,8,4,2,2,0,4,0,4
Suiza,2010,Suiza,19,Grupos 1ra Ronda,4,3,1,1,1,1,1,0
Suiza,2014,Suiza,11,Octavos de Final,6,4,2,0,2,7,7,0
Suiza,2018,Suiza,14,Octavos de Final,5,4,1,2,1,5,5,0
Suiza,2022,Suiza,12,Octavos de Final,6,4,2,0,2,5,9,-4
Togo,1930,Togo,0,no participó,0,0,0,0,0,0,0,0
Togo,1934,Togo,0,no participó,0,0,0,0,0,0,0,0
Togo,1938,Togo,0,no participó,0,0,0,0,0,0,0,0
Togo,1950,Togo,0,no participó,0,0,0,0,0,0,0,0
Togo,1954,Togo,0,no participó,0,0,0,0,0,0,0,0
Togo,1958,Togo,0,no participó,0,0,0,0,0,0,0,0
Togo,1962,Togo,0,no participó,0,0,0,0,0,0,0,0
Togo,1966,Togo,0,no participó,0,0,0,0,0,0,0,0
Togo,1970,Togo,0,no participó,0,0,0,0,0,0,0,0
Togo,1974,Togo,0,no participó,0,0,0,0,0,0,0,0
Togo,1978,Togo,0,no participó,0,0,0,0,0,0,0,0
Togo,1982,Togo,0,no participó,0,0,0,0,0,0,0,0
Togo,1986,Togo,0,no participó,0,0,0,0,0,0,0,0
Togo,1990,Togo,0,no participó,0,0,0,0,0,0,0,0
Togo,1994,Togo,0,no participó,0,0,0,0,0,0,0,0
Togo,1998,Togo,0,no participó,0,0,0,0,0,0,0,0
Togo,2002,Togo,0,no participó,0,0,0,0,0,0,0,0
Togo,2006,Togo,30,Grupos 1ra Ronda,0,3,0,0,3,1,6,-5
Togo,2010,Togo,0,no participó,0,0,0,0,0,0,0,0
Togo,2014,Togo,0,no participó,0,0,0,0,0,0,0,0
Togo,2018,Togo,0,no participó,0,0,0,0,0,0,0,0
Togo,2022,Togo,0,no participó,0,0,0,0,0,0,0,0
Trinidad,1930,Trinidad y Tobago,0,no participó,0,0,0,0,0,0,0,0
Trinidad,1934,Trinidad y Tobago,0,no participó,0,0,0,0,0,0,0,0
Trinidad,1938,Trinidad y Tobago,0,no participó,0,0,0,0,0,0,0,0
Trinidad,1950,Trinidad y Tobago,0,no participó,0,0,0,0,0,0,0,0
Trinidad,1954,Trinidad y Tobago,0,no participó,0,0,0,0,0,0,0,0
Trinidad,1958,Trinidad y Tobago,0,no participó,0,0,0,0,0,0,0,0
Trinidad,1962,Trinidad y Tobago,0,no participó,0,0,0,0,0,0,0,0
Trinidad,1966,Trinidad y Tobago,0,no participó,0,0,0,0,0,0,0,0
Trinidad,1970,Trinidad y Tobago,0,no participó,0,0,0,0,0,0,0,0
Trinidad,1974,Trinidad y Tobago,0,no participó,0,0,0,0,0,0,0,0
Trinidad,1978,Trinidad y Tobago,0,no participó,0,0,0,0,0,0,0,0
Trinidad,1982,Trinidad y Tobago,0,no participó,0,0,0,0,0,0,0,0
Trinidad,1986,Trinidad y Tobago,0,no participó,0,0,0,0,0,0,0,0
Trinidad,1990,Trinidad y Tobago,0,no participó,0,0,0,0,0,0,0,0
Trinidad,1994,Trinidad y Tobago,0,no participó,0,0,0,0,0,0,0,0
Trinidad,1998,Trinidad y Tobago,0,no participó,0,0,0,0,0,0,0,0
Trinidad,2002,Trinidad y Tobago,0,no participó,0,0,0,0,0,0,0,0
Trinidad,2006,Trinidad y Tobago,27,Grupos 1ra Ronda,1,3,0,1,2,0,4,-4
Trinidad,2010,Trinidad y Tobago,0,no participó,0,0,0,0,0,0,0,0
Trinidad,2014,Trinidad y Tobago,0,no participó,0,0,0,0,0,0,0,0
Trinidad,2018,Trinidad y Tobago,0,no participó,0,0,0,0,0,0,0,0
Trinidad,2022,Trinidad y Tobago,0,no participó,0,0,0,0,0,0,0,0
Túnez,1930,Túnez,0,no participó,0,0,0,0,0,0,0,0
Túnez,1934,Túnez,0,no participó,0,0,0,0,0,0,0,0
Túnez,1938,Túnez,0,no participó,0,0,0,0,0,0,0,0
Túnez,1950,Túnez,0,no participó,0,0,0,0,0,0,0,0
Túnez,1954,Túnez,0,no participó,0,0,0,0,0,0,0,0
Túnez,1958,Túnez,0,no participó,0,0,0,0,0,0,0,0
Túnez,1962,Túnez,0,no participó,0,0,0,0,0,0,0,0
Túnez,1966,Túnez,0,no participó,0,0,0,0,0,0,0,0
Túnez,1970,Túnez,0,no participó,0,0,0,0,0,0,0,0
Túnez,1974,Túnez,0,no participó,0,0,0,0,0,0,0,0
Túnez,1978,Túnez,9,Grupos 1ra Ronda,3,3,1,1,1,3,2,1
Túnez,1982,Túnez,0,no participó,0,0,0,0,0,0,0,0
Túnez,1986,Túnez,0,no participó,0,0,0,0,0,0,0,0
Túnez,1990,Túnez,0,no participó,0,0,0,0,0,0,0,0
Túnez,1994,Túnez,0,no participó,0,0,0,0,0,0,0,0
Túnez,1998,Túnez,26,Grupos 1ra Ronda,1,3,0,1,2,1,4,-3
Túnez,2002,Túnez,29,Grupos 1ra Ronda,1,3,0,1,2,1,5,-4
Túnez,2006,Túnez,24,Grupos 1ra Ronda,1,3,0,1,2,3,6,-3
Túnez,2010,Túnez,0,no participó,0,0,0,0,0,0,0,0
Túnez,2014,Túnez,0,no participó,0,0,0,0,0,0,0,0
Túnez,2018,Túnez,24,Grupos 1ra Ronda,3,3,1,0,2,5,8,-3
Túnez,2022,Túnez,21,Grupos 1ra Ronda,4,3,1,1,1,1,1,0
Turquía,1930,Turquía,0,no participó,0,0,0,0,0,0,0,0
Turquía,1934,Turquía,0,no participó,0,0,0,0,0,0,0,0
Turquía,1938,Turquía,0,no participó,0,0,0,0,0,0,0,0
Turquía,1950,Turquía,0,no participó,0,0,0,0,0,0,0,0
Turquía,1954,Turquía,11,Grupos 1ra Ronda,2,3,1,0,2,10,11,-1
Turquía,1958,Turquía,0,no participó,0,0,0,0,0,0,0,0
Turquía,1962,Turquía,0,no participó,0,0,0,0,0,0,0,0
Turquía,1966,Turquía,0,no participó,0,0,0,0,0,0,0,0
Turquía,1970,Turquía,0,no participó,0,0,0,0,0,0,0,0
Turquía,1974,Turquía,0,no participó,0,0,0,0,0,0,0,0
Turquía,1978,Turquía,0,no participó,0,0,0,0,0,0,0,0
Turquía,1982,Turquía,0,no participó,0,0,0,0,0,0,0,0
Turquía,1986,Turquía,0,no participó,0,0,0,0,0,0,0,0
Turquía,1990,Turquía,0,no participó,0,0,0,0,0,0,0,0
Turquía,1994,Turquía,0,no participó,0,0,0,0,0,0,0,0
Turquía,1998,Turquía,0,no participó,0,0,0,0,0,0,0,0
Turquía,2002,Turquía,3,Partido 3er Puesto,13,7,4,1,2,10,6,4
Turquía,2006,Turquía,0,no participó,0,0,0,0,0,0,0,0
Turquía,2010,Turquía,0,no participó,0,0,0,0,0,0,0,0
Turquía,2014,Turquía,0,no participó,0,0,0,0,0,0,0,0
Turquía,2018,Turquía,0,no participó,0,0,0,0,0,0,0,0
Turquía,2022,Turquía,0,no participó,0,0,0,0,0,0,0,0
Ucrania,1930,Ucrania,0,no participó,0,0,0,0,0,0,0,0
Ucrania,1934,Ucrania,0,no participó,0,0,0,0,0,0,0,0
Ucrania,1938,Ucrania,0,no participó,0,0,0,0,0,0,0,0
Ucrania,1950,Ucrania,0,no participó,0,0,0,0,0,0,0,0
Ucrania,1954,Ucrania,0,no participó,0,0,0,0,0,0,0,0
Ucrania,1958,Ucrania,0,no participó,0,0,0,0,0,0,0,0
Ucrania,1962,Ucrania,0,no participó,0,0,0,0,0,0,0,0
Ucrania,1966,Ucrania,0,no participó,0,0,0,0,0,0,0,0
Ucrania,1970,Ucrania,0,no participó,0,0,0,0,0,0,0,0
Ucrania,1974,Ucrania,0,no participó,0,0,0,0,0,0,0,0
Ucrania,1978,Ucrania,0,no participó,0,0,0,0,0,0,0,0
Ucrania,1982,Ucrania,0,no participó,0,0,0,0,0,0,0,0
Ucrania,1986,Ucrania,0,no participó,0,0,0,0,0,0,0,0
Ucrania,1990,Ucrania,0,no participó,0,0,0,0,0,0,0,0
Ucrania,1994,Ucrania,0,no participó,0,0,0,0,0,0,0,0
Ucrania,1998,Ucrania,0,no participó,0,0,0,0,0,0,0,0
Ucrania,2002,Ucrania,0,no participó,0,0,0,0,0,0,0,0
Ucrania,2006,Ucrania,8,Cuartos de Final,7,5,2,1,2,5,7,-2
Ucrania,2010,Ucrania,0,no participó,0,0,0,0,0,0,0,0
Ucrania,2014,Ucrania,0,no participó,0,0,0,0,0,0,0,0
Ucrania,2018,Ucrania,0,no participó,0,0,0,0,0,0,0,0
Ucrania,2022,Ucrania,0,no participó,0,0,0,0,0,0,0,0
Uruguay,1930,Uruguay,1,Final,8,4,4,0,0,15,3,12
Uruguay,1934,Uruguay,0,no participó,0,0,0,0,0,0,0,0
Uruguay,1938,Uruguay,0,no participó,0,0,0,0,0,0,0,0
Uruguay,1950,Uruguay,1,Ronda Final,7,4,3,1,0,15,5,10
Uruguay,1954,Uruguay,4,Partido 3er Puesto,6,5,3,0,2,16,9,7
Uruguay,1958,Uruguay,0,no participó,0,0,0,0,0,0,0,0
Uruguay,1962,Uruguay,13,Grupos 1ra Ronda,2,3,1,0,2,4,6,-2
Uruguay,1966,Uruguay,7,Cuartos de Final,4,4,1,2,1,2,5,-3
Uruguay,1970,Uruguay,4,Partido 3er Puesto,5,6,2,1,3,4,5,-1
Uruguay,1974,Uruguay,13,Grupos 1ra Ronda,1,3,0,1,2,1,6,-5
Uruguay,1978,Uruguay,0,no participó,0,0,0,0,0,0,0,0
Uruguay,1982,Uruguay,0,no participó,0,0,0,0,0,0,0,0
Uruguay,1986,Uruguay,16,Octavos de Final,2,4,0,2,2,2,8,-6
Uruguay,1990,Uruguay,16,Octavos de Final,3,4,1,1,2,2,5,-3
Uruguay,1994,Uruguay,0,no participó,0,0,0,0,0,0,0,0
Uruguay,1998,Uruguay,0,no participó,0,0,0,0,0,0,0,0
Uruguay,2002,Uruguay,26,Grupos 1ra Ronda,2,3,0,2,1,4,5,-1
Uruguay,2006,Uruguay,0,no participó,0,0,0,0,0,0,0,0
Uruguay,2010,Uruguay,4,Partido 3er Puesto,11,7,3,2,2,11,8,3
Uruguay,2014,Uruguay,12,Octavos de Final,6,4,2,0,2,4,6,-2
Uruguay,2018,Uruguay,5,Cuartos de Final,12,5,4,0,1,7,3,4
Uruguay,2022,Uruguay,20,Grupos 1ra Ronda,4,3,1,1,1,2,2,0
